{"metadata":{"modules":{"imports":[],"exports":{"exported":[],"specifiers":[]}},"usedHelpers":[]},"ignored":false,"code":"/**\n * Meteor Client Available User List Template JS\n */\nTemplate.available_user_list.helpers({\n  users: function () {\n    return Meteor.users.find();\n  }\n});","ast":null,"map":{"version":3,"sources":["/client/available_user_list.js"],"names":[],"mappings":";;;AAGA,QAAQ,CAAC,mBAAmB,CAAC,OAAO,CAAC;AACnC,OAAK,EAAE,YAAW;AAChB,WAAO,MAAM,CAAC,KAAK,CAAC,IAAI,EAAE,CAAC;GAC5B;CACF,CAAC,CAAA","file":"/client/available_user_list.js.map","sourcesContent":["/**\n * Meteor Client Available User List Template JS\n */\nTemplate.available_user_list.helpers({\n  users: function() {\n    return Meteor.users.find();\n  }\n})\n"]},"hash":"0aaab49d527053db40476a9c723feafc58d425fe"}
