{"metadata":{"modules":{"imports":[],"exports":{"exported":[],"specifiers":[]}},"usedHelpers":[]},"ignored":false,"code":"/**\n * Meteor Client JS\n */\n\n// set up the main template the the router will use to build pages\nRouter.configure({\n  layoutTemplate: 'ApplicationLayout'\n});\n// specify the top level route, the page users see when they arrive at the site\nRouter.route('/', function () {\n  console.log(\"rendering root /\");\n  this.render(\"navbar\", {\n    to: \"header\"\n  });\n  this.render(\"lobby_page\", {\n    to: \"main\"\n  });\n});\n\n// specify a route that allows the current user to chat to another users\nRouter.route('/chat/:_id', function () {\n  // the user they want to chat to has id equal to\n  // the id sent in after /chat/...\n  var otherUserId = this.params._id;\n  // find a chat that has two users that match current user id\n  // and the requested user id\n  var filter = {\n    $or: [{\n      user1Id: Meteor.userId(),\n      user2Id: otherUserId\n    }, {\n      user2Id: Meteor.userId(),\n      user1Id: otherUserId\n    }]\n  };\n  var chat = Chats.findOne(filter);\n  if (!chat) {\n    // no chat matching the filter - need to insert a new one\n    chatId = Chats.insert({\n      user1Id: Meteor.userId(),\n      user2Id: otherUserId\n    });\n  } else {\n    // there is a chat going already - use that.\n    chatId = chat._id;\n  }\n  if (chatId) {\n    // looking good, save the id to the session\n    Session.set(\"chatId\", chatId);\n  }\n  this.render(\"navbar\", {\n    to: \"header\"\n  });\n  this.render(\"chat_page\", {\n    to: \"main\"\n  });\n});","ast":null,"map":{"version":3,"sources":["/client/main.js"],"names":[],"mappings":";;;;;AAKA,MAAM,CAAC,SAAS,CAAC;AACf,gBAAc,EAAE,mBAAmB;CACpC,CAAC,CAAC;;AAEH,MAAM,CAAC,KAAK,CAAC,GAAG,EAAE,YAAW;AAC3B,SAAO,CAAC,GAAG,CAAC,kBAAkB,CAAC,CAAC;AAChC,MAAI,CAAC,MAAM,CAAC,QAAQ,EAAE;AACpB,MAAE,EAAE,QAAQ;GACb,CAAC,CAAC;AACH,MAAI,CAAC,MAAM,CAAC,YAAY,EAAE;AACxB,MAAE,EAAE,MAAM;GACX,CAAC,CAAC;CACJ,CAAC,CAAC;;;AAGH,MAAM,CAAC,KAAK,CAAC,YAAY,EAAE,YAAW;;;AAGpC,MAAI,WAAW,GAAG,IAAI,CAAC,MAAM,CAAC,GAAG,CAAC;;;AAGlC,MAAI,MAAM,GAAG;AACX,OAAG,EAAE,CAAC;AACJ,aAAO,EAAE,MAAM,CAAC,MAAM,EAAE;AACxB,aAAO,EAAE,WAAW;KACrB,EAAE;AACD,aAAO,EAAE,MAAM,CAAC,MAAM,EAAE;AACxB,aAAO,EAAE,WAAW;KACrB,CAAC;GACH,CAAC;AACF,MAAI,IAAI,GAAG,KAAK,CAAC,OAAO,CAAC,MAAM,CAAC,CAAC;AACjC,MAAI,CAAC,IAAI,EAAE;;AACT,UAAM,GAAG,KAAK,CAAC,MAAM,CAAC;AACpB,aAAO,EAAE,MAAM,CAAC,MAAM,EAAE;AACxB,aAAO,EAAE,WAAW;KACrB,CAAC,CAAC;GACJ,MAAM;;AACL,UAAM,GAAG,IAAI,CAAC,GAAG,CAAC;GACnB;AACD,MAAI,MAAM,EAAE;;AACV,WAAO,CAAC,GAAG,CAAC,QAAQ,EAAE,MAAM,CAAC,CAAC;GAC/B;AACD,MAAI,CAAC,MAAM,CAAC,QAAQ,EAAE;AACpB,MAAE,EAAE,QAAQ;GACb,CAAC,CAAC;AACH,MAAI,CAAC,MAAM,CAAC,WAAW,EAAE;AACvB,MAAE,EAAE,MAAM;GACX,CAAC,CAAC;CACJ,CAAC,CAAC","file":"/client/main.js.map","sourcesContent":["/**\n * Meteor Client JS\n */\n\n// set up the main template the the router will use to build pages\nRouter.configure({\n  layoutTemplate: 'ApplicationLayout'\n});\n// specify the top level route, the page users see when they arrive at the site\nRouter.route('/', function() {\n  console.log(\"rendering root /\");\n  this.render(\"navbar\", {\n    to: \"header\"\n  });\n  this.render(\"lobby_page\", {\n    to: \"main\"\n  });\n});\n\n// specify a route that allows the current user to chat to another users\nRouter.route('/chat/:_id', function() {\n  // the user they want to chat to has id equal to\n  // the id sent in after /chat/...\n  var otherUserId = this.params._id;\n  // find a chat that has two users that match current user id\n  // and the requested user id\n  var filter = {\n    $or: [{\n      user1Id: Meteor.userId(),\n      user2Id: otherUserId\n    }, {\n      user2Id: Meteor.userId(),\n      user1Id: otherUserId\n    }]\n  };\n  var chat = Chats.findOne(filter);\n  if (!chat) { // no chat matching the filter - need to insert a new one\n    chatId = Chats.insert({\n      user1Id: Meteor.userId(),\n      user2Id: otherUserId\n    });\n  } else { // there is a chat going already - use that.\n    chatId = chat._id;\n  }\n  if (chatId) { // looking good, save the id to the session\n    Session.set(\"chatId\", chatId);\n  }\n  this.render(\"navbar\", {\n    to: \"header\"\n  });\n  this.render(\"chat_page\", {\n    to: \"main\"\n  });\n});\n"]},"hash":"36c371f3ec6f9560d7494ad197cb5b17c11e3d5b"}
