{"metadata":{"modules":{"imports":[],"exports":{"exported":[],"specifiers":[]}},"usedHelpers":[]},"ignored":false,"code":"/**\n * Meteor Client Chat Page Template JS\n */\nTemplate.chat_page.helpers({\n  chatusers: function () {\n    var chat = Chats.findOne({\n      _id: Session.get(\"chatId\")\n    });\n    return [Meteor.users.findOne({\n      _id: chat.user1Id\n    }), Meteor.users.findOne({\n      _id: chat.user2Id\n    })];\n  },\n  messages: function () {\n    var chat = Chats.findOne({\n      _id: Session.get(\"chatId\")\n    });\n    return chat.messages;\n  },\n  other_user: function () {\n    return \"\";\n  }\n});\n\nTemplate.chat_page.events({\n  // this event fires when the user sends a message on the chat page\n  'submit .js-send-chat': function (event) {\n    // stop the form from triggering a page reload\n    event.preventDefault();\n    // see if we can find a chat object in the database\n    // to which we'll add the message\n    var chat = Chats.findOne({\n      _id: Session.get(\"chatId\")\n    });\n    if (chat) {\n      // ok - we have a chat to use\n      var msgs = chat.messages; // pull the messages property\n      if (!msgs) {\n        // no messages yet, create a new array\n        msgs = [];\n      }\n      // is a good idea to insert data straight from the form\n      // (i.e. the user) into the database?? certainly not.\n      // push adds the message to the end of the array\n      msgs.push({\n        text: event.target.chat.value\n      });\n      // reset the form\n      event.target.chat.value = \"\";\n      // put the messages array onto the chat object\n      chat.messages = msgs;\n      // update the chat object in the database.\n      Chats.update(chat._id, chat);\n    }\n  }\n});","ast":null,"map":{"version":3,"sources":["/client/chat_page.js"],"names":[],"mappings":";;;AAGA,QAAQ,CAAC,SAAS,CAAC,OAAO,CAAC;AACzB,WAAS,EAAE,YAAW;AACpB,QAAI,IAAI,GAAG,KAAK,CAAC,OAAO,CAAC;AACvB,SAAG,EAAE,OAAO,CAAC,GAAG,CAAC,QAAQ,CAAC;KAC3B,CAAC,CAAC;AACH,WAAO,CACL,MAAM,CAAC,KAAK,CAAC,OAAO,CAAC;AACnB,SAAG,EAAE,IAAI,CAAC,OAAO;KAClB,CAAC,EACF,MAAM,CAAC,KAAK,CAAC,OAAO,CAAC;AACnB,SAAG,EAAE,IAAI,CAAC,OAAO;KAClB,CAAC,CACH,CAAC;GACH;AACD,UAAQ,EAAE,YAAW;AACnB,QAAI,IAAI,GAAG,KAAK,CAAC,OAAO,CAAC;AACvB,SAAG,EAAE,OAAO,CAAC,GAAG,CAAC,QAAQ,CAAC;KAC3B,CAAC,CAAC;AACH,WAAO,IAAI,CAAC,QAAQ,CAAC;GACtB;AACD,YAAU,EAAE,YAAW;AACrB,WAAO,EAAE,CAAA;GACV;CACF,CAAC,CAAA;;AAEF,QAAQ,CAAC,SAAS,CAAC,MAAM,CAAC;;AAExB,wBAAsB,EAAE,UAAS,KAAK,EAAE;;AAEtC,SAAK,CAAC,cAAc,EAAE,CAAC;;;AAGvB,QAAI,IAAI,GAAG,KAAK,CAAC,OAAO,CAAC;AACvB,SAAG,EAAE,OAAO,CAAC,GAAG,CAAC,QAAQ,CAAC;KAC3B,CAAC,CAAC;AACH,QAAI,IAAI,EAAE;;AACR,UAAI,IAAI,GAAG,IAAI,CAAC,QAAQ,CAAC;AACzB,UAAI,CAAC,IAAI,EAAE;;AACT,YAAI,GAAG,EAAE,CAAC;OACX;;;;AAID,UAAI,CAAC,IAAI,CAAC;AACR,YAAI,EAAE,KAAK,CAAC,MAAM,CAAC,IAAI,CAAC,KAAK;OAC9B,CAAC,CAAC;;AAEH,WAAK,CAAC,MAAM,CAAC,IAAI,CAAC,KAAK,GAAG,EAAE,CAAC;;AAE7B,UAAI,CAAC,QAAQ,GAAG,IAAI,CAAC;;AAErB,WAAK,CAAC,MAAM,CAAC,IAAI,CAAC,GAAG,EAAE,IAAI,CAAC,CAAC;KAC9B;GACF;CACF,CAAC,CAAA","file":"/client/chat_page.js.map","sourcesContent":["/**\n * Meteor Client Chat Page Template JS\n */\nTemplate.chat_page.helpers({\n  chatusers: function() {\n    var chat = Chats.findOne({\n      _id: Session.get(\"chatId\")\n    });\n    return [\n      Meteor.users.findOne({\n        _id: chat.user1Id\n      }),\n      Meteor.users.findOne({\n        _id: chat.user2Id\n      })\n    ];\n  },\n  messages: function() {\n    var chat = Chats.findOne({\n      _id: Session.get(\"chatId\")\n    });\n    return chat.messages;\n  },\n  other_user: function() {\n    return \"\"\n  },\n})\n\nTemplate.chat_page.events({\n  // this event fires when the user sends a message on the chat page\n  'submit .js-send-chat': function(event) {\n    // stop the form from triggering a page reload\n    event.preventDefault();\n    // see if we can find a chat object in the database\n    // to which we'll add the message\n    var chat = Chats.findOne({\n      _id: Session.get(\"chatId\")\n    });\n    if (chat) { // ok - we have a chat to use\n      var msgs = chat.messages; // pull the messages property\n      if (!msgs) { // no messages yet, create a new array\n        msgs = [];\n      }\n      // is a good idea to insert data straight from the form\n      // (i.e. the user) into the database?? certainly not.\n      // push adds the message to the end of the array\n      msgs.push({\n        text: event.target.chat.value\n      });\n      // reset the form\n      event.target.chat.value = \"\";\n      // put the messages array onto the chat object\n      chat.messages = msgs;\n      // update the chat object in the database.\n      Chats.update(chat._id, chat);\n    }\n  }\n})\n"]},"hash":"381af0e239bf909f25b3d8e1a0fd8983ed217298"}
