{"metadata":{"modules":{"imports":[],"exports":{"exported":[],"specifiers":[]}},"usedHelpers":[]},"ignored":false,"code":"/**\n * Meteor Client Chat Page Template JS\n */\nTemplate.chat_page.helpers({\n  otheruser: function () {}\n});","ast":null,"map":{"version":3,"sources":["/client/scripts/chat_message.js"],"names":[],"mappings":";;;AAGA,QAAQ,CAAC,SAAS,CAAC,OAAO,CAAC;AACzB,WAAS,EAAE,YAAW,EAAE;CACzB,CAAC,CAAA","file":"/client/scripts/chat_message.js.map","sourcesContent":["/**\n * Meteor Client Chat Page Template JS\n */\nTemplate.chat_page.helpers({\n  otheruser: function() {}\n})\n"]},"hash":"4a8a129dd16be975d421144e1147cb6cffa107fa"}
