{"metadata":{"modules":{"imports":[],"exports":{"exported":[],"specifiers":[]}},"usedHelpers":[]},"ignored":false,"code":"/**\n * Meteor Client Chat Page Template JS\n */\nTemplate.chat_page.helpers({});","ast":null,"map":{"version":3,"sources":["/client/scripts/chat_message.js"],"names":[],"mappings":";;;AAGA,QAAQ,CAAC,SAAS,CAAC,OAAO,CAAC,EAE1B,CAAC,CAAA","file":"/client/scripts/chat_message.js.map","sourcesContent":["/**\n * Meteor Client Chat Page Template JS\n */\nTemplate.chat_page.helpers({\n\n})\n"]},"hash":"6f0f51e02ec0c1e049eab91494762368284c785f"}
