{"metadata":{"modules":{"imports":[],"exports":{"exported":[],"specifiers":[]}},"usedHelpers":[]},"ignored":false,"code":"/**\n * Meteor Client Chat User Template JS\n */\nTemplate.chat_user.helpers({\n  isMyUser: function (userId) {\n    if (userId == Meteor.userId()) {\n      return true;\n    } else {\n      return false;\n    }\n  }\n});","ast":null,"map":{"version":3,"sources":["/client/templates/chat_user.js"],"names":[],"mappings":";;;AAGA,QAAQ,CAAC,SAAS,CAAC,OAAO,CAAC;AACzB,UAAQ,EAAE,UAAS,MAAM,EAAE;AACzB,QAAI,MAAM,IAAI,MAAM,CAAC,MAAM,EAAE,EAAE;AAC7B,aAAO,IAAI,CAAC;KACb,MAAM;AACL,aAAO,KAAK,CAAC;KACd;GACF;CACF,CAAC,CAAA","file":"/client/templates/chat_user.js.map","sourcesContent":["/**\n * Meteor Client Chat User Template JS\n */\nTemplate.chat_user.helpers({\n  isMyUser: function(userId) {\n    if (userId == Meteor.userId()) {\n      return true;\n    } else {\n      return false;\n    }\n  }\n})\n"]},"hash":"942388fdbdd1e4be0655606e59ab3d830bdef6ae"}
