{"metadata":{"modules":{"imports":[],"exports":{"exported":[],"specifiers":[]}},"usedHelpers":[]},"ignored":false,"code":"/**\n * Meteor Client Chat message Template JS\n */\nTemplate.chat_message.helpers({\n  otheruser: function () {}\n});","ast":null,"map":{"version":3,"sources":["/client/scripts/chat_message.js"],"names":[],"mappings":";;;AAGA,QAAQ,CAAC,YAAY,CAAC,OAAO,CAAC;AAC5B,WAAS,EAAE,YAAW,EAAE;CACzB,CAAC,CAAA","file":"/client/scripts/chat_message.js.map","sourcesContent":["/**\n * Meteor Client Chat message Template JS\n */\nTemplate.chat_message.helpers({\n  otheruser: function() {}\n})\n"]},"hash":"d8bcc53b84aa7fbac14ab6eb1eb08b086803e8d6"}
