{"metadata":{"modules":{"imports":[],"exports":{"exported":[],"specifiers":[]}},"usedHelpers":[]},"ignored":false,"code":"// -- helper function for websites lists - top 5 - in landing_page --\nTemplate.landingpage.helpers({\n  topfive: function () {\n    // return Websites.find({}, {\n    //   skip: 0,\n    //   limit: 5,\n    //   sort: {\n    //     voteUp: -1\n    //   }\n    // });\n    return Meteor.call(\"getTopFive\", function (err, callback) {\n      if (err) {\n        // error\n        console.log(\"[ERROR]: getTopFive, \" + err);\n      } else {\n        if (callback) {\n          // ok - we have website saved --\n          console.log(\"Here \" + callback.length);\n          websites = new Array();\n          var i = 0;\n          for (var i = 0; i < callback.length; i++) {\n            console.log(\"Here \" + \" i \" + callback[i]._id);\n            websites[i] = fixObjectKeys(callback[i]);\n          };\n          // for (var_id in callback._id) {\n          //   websites[i] = fixObjectKeys(callback._id[web_id]);\n          //   i++;\n          // }\n          console.log(\"Here \" + websites);\n          return websites;\n        } else {\n          console.log(\"[ERROR]: getTopFive not found.\");\n        }\n      }\n    });\n  }\n});","ast":null,"map":{"version":3,"sources":["/client/scripts/landingpage.js"],"names":[],"mappings":";AACA,QAAQ,CAAC,WAAW,CAAC,OAAO,CAAC;AAC3B,SAAO,EAAE,YAAW;;;;;;;;AAQlB,WAAO,MAAM,CAAC,IAAI,CAAC,YAAY,EAC7B,UAAS,GAAG,EAAE,QAAQ,EAAE;AACtB,UAAI,GAAG,EAAE;;AACP,eAAO,CAAC,GAAG,CAAC,uBAAuB,GAAG,GAAG,CAAC,CAAC;OAC5C,MAAM;AACL,YAAI,QAAQ,EAAE;;AACZ,iBAAO,CAAC,GAAG,CAAC,OAAO,GAAG,QAAQ,CAAC,MAAM,CAAC,CAAC;AACvC,kBAAQ,GAAG,IAAI,KAAK,EAAE,CAAC;AACvB,cAAI,CAAC,GAAG,CAAC,CAAC;AACV,eAAK,IAAI,CAAC,GAAG,CAAC,EAAE,CAAC,GAAG,QAAQ,CAAC,MAAM,EAAE,CAAC,EAAE,EAAE;AACxC,mBAAO,CAAC,GAAG,CAAC,OAAO,GAAG,KAAK,GAAG,QAAQ,CAAC,CAAC,CAAC,CAAC,GAAG,CAAC,CAAC;AAC/C,oBAAQ,CAAC,CAAC,CAAC,GAAG,aAAa,CAAC,QAAQ,CAAC,CAAC,CAAC,CAAC,CAAC;WAC1C,CAAC;;;;;AAKF,iBAAO,CAAC,GAAG,CAAC,OAAO,GAAG,QAAQ,CAAC,CAAC;AAChC,iBAAO,QAAQ,CAAC;SACjB,MAAM;AACL,iBAAO,CAAC,GAAG,CAAC,gCAAgC,CAAC,CAAC;SAC/C;OACF;KACF,CAAC,CAAC;GACN;CACF,CAAC,CAAC","file":"/client/scripts/landingpage.js.map","sourcesContent":["// -- helper function for websites lists - top 5 - in landing_page --\nTemplate.landingpage.helpers({\n  topfive: function() {\n    // return Websites.find({}, {\n    //   skip: 0,\n    //   limit: 5,\n    //   sort: {\n    //     voteUp: -1\n    //   }\n    // });\n    return Meteor.call(\"getTopFive\",\n      function(err, callback) {\n        if (err) { // error\n          console.log(\"[ERROR]: getTopFive, \" + err);\n        } else {\n          if (callback) { // ok - we have website saved --\n            console.log(\"Here \" + callback.length);\n            websites = new Array();\n            var i = 0;\n            for (var i = 0; i < callback.length; i++) {\n              console.log(\"Here \" + \" i \" + callback[i]._id);\n              websites[i] = fixObjectKeys(callback[i]);\n            };\n            // for (var_id in callback._id) {\n            //   websites[i] = fixObjectKeys(callback._id[web_id]);\n            //   i++;\n            // }\n            console.log(\"Here \" + websites);\n            return websites;\n          } else {\n            console.log(\"[ERROR]: getTopFive not found.\");\n          }\n        }\n      });\n  }\n});\n"]},"hash":"0adbf9bdb76ba7597704cb2a950531cf72511d4e"}
