{"metadata":{"modules":{"imports":[],"exports":{"exported":[],"specifiers":[]}},"usedHelpers":[]},"ignored":false,"code":"// -- helper function for websites lists - top 5 - in landing_page --\nTemplate.landingpage.helpers({\n  topfive: function () {\n    // return Websites.find({}, {\n    //   skip: 0,\n    //   limit: 5,\n    //   sort: {\n    //     voteUp: -1\n    //   }\n    // });\n    console.log(\"Here1\");\n    return Meteor.call(\"getTopFive\", function (err, callback) {\n      if (err) {\n        // error\n        console.log(\"[ERROR]: getTopFive, \" + err);\n      } else {\n        console.log(\"Here1.5\");\n        if (callback) {\n          // ok - we have website saved --\n          console.log(\"Here2\" + callback);\n          //console.log(\"Here2.1\" + callback[0]._id);\n          return callback;\n        } else {\n          console.log(\"[ERROR]: getTopFive not found.\");\n        }\n      }\n    });\n  }\n});","ast":null,"map":{"version":3,"sources":["/client/scripts/landingpage.js"],"names":[],"mappings":";AACA,QAAQ,CAAC,WAAW,CAAC,OAAO,CAAC;AAC3B,SAAO,EAAE,YAAW;;;;;;;;AAQlB,WAAO,CAAC,GAAG,CAAC,OAAO,CAAC,CAAC;AACrB,WAAO,MAAM,CAAC,IAAI,CAAC,YAAY,EAC7B,UAAS,GAAG,EAAE,QAAQ,EAAE;AACtB,UAAI,GAAG,EAAE;;AACP,eAAO,CAAC,GAAG,CAAC,uBAAuB,GAAG,GAAG,CAAC,CAAC;OAC5C,MAAM;AACL,eAAO,CAAC,GAAG,CAAC,SAAS,CAAC,CAAC;AACvB,YAAI,QAAQ,EAAE;;AACZ,iBAAO,CAAC,GAAG,CAAC,OAAO,GAAG,QAAQ,CAAC,CAAC;;AAEhC,iBAAO,QAAQ,CAAC;SACjB,MAAM;AACL,iBAAO,CAAC,GAAG,CAAC,gCAAgC,CAAC,CAAC;SAC/C;OACF;KACF,CAAC,CAAC;GACN;CACF,CAAC,CAAC","file":"/client/scripts/landingpage.js.map","sourcesContent":["// -- helper function for websites lists - top 5 - in landing_page --\nTemplate.landingpage.helpers({\n  topfive: function() {\n    // return Websites.find({}, {\n    //   skip: 0,\n    //   limit: 5,\n    //   sort: {\n    //     voteUp: -1\n    //   }\n    // });\n    console.log(\"Here1\");\n    return Meteor.call(\"getTopFive\",\n      function(err, callback) {\n        if (err) { // error\n          console.log(\"[ERROR]: getTopFive, \" + err);\n        } else {\n          console.log(\"Here1.5\");\n          if (callback) { // ok - we have website saved --\n            console.log(\"Here2\" + callback);\n            //console.log(\"Here2.1\" + callback[0]._id);\n            return callback;\n          } else {\n            console.log(\"[ERROR]: getTopFive not found.\");\n          }\n        }\n      });\n  }\n});\n"]},"hash":"192e34eea69882ee980d99bbef587146c8703f35"}
