{"metadata":{"modules":{"imports":[],"exports":{"exported":[],"specifiers":[]}},"usedHelpers":[]},"ignored":false,"code":"// -- helper function for websites lists - top 5 - in landing_page --\nTemplate.landingpage.helpers({\n  topfive: function () {\n    // return Websites.find({}, {\n    //   skip: 0,\n    //   limit: 5,\n    //   sort: {\n    //     voteUp: -1\n    //   }\n    // });\n    return Meteor.call(\"getTopFive\", function (err, callback) {\n      if (err) {\n        // error\n        console.log(\"[ERROR]: getTopFive, \" + err);\n      } else {\n        if (callback) {\n          // ok - we have website saved --\n          console.log(\"Here \" + callback.length);\n          websites = new []();\n          var i = 0;\n          for (var i = 0; i < callback.length; i++) {\n            console.log(\"Here \" + \" i \" + callback[i]._id);\n            websites[i] = fixObjectKeys(callback[i]);\n          };\n          // for (var_id in callback._id) {\n          //   websites[i] = fixObjectKeys(callback._id[web_id]);\n          //   i++;\n          // }\n          return websites;\n        } else {\n          console.log(\"[ERROR]: getTopFive not found.\");\n        }\n      }\n    });\n  }\n});\n\n// this renames object keys by removing hyphens to make the compatible\n// with spacebars.\nfunction fixObjectKeys(obj) {\n  var newObj = {};\n  console.log(obj);\n  for (key in babelHelpers.sanitizeForInObject(obj)) {\n    var key2 = key.replace(\"-\", \"\");\n    newObj[key2] = obj[key];\n  }\n  console.log(newObj);\n  return newObj;\n}","ast":null,"map":{"version":3,"sources":["/client/scripts/landingpage.js"],"names":[],"mappings":";AACA,QAAQ,CAAC,WAAW,CAAC,OAAO,CAAC;AAC3B,SAAO,EAAE,YAAW;;;;;;;;AAQlB,WAAO,MAAM,CAAC,IAAI,CAAC,YAAY,EAC7B,UAAS,GAAG,EAAE,QAAQ,EAAE;AACtB,UAAI,GAAG,EAAE;;AACP,eAAO,CAAC,GAAG,CAAC,uBAAuB,GAAG,GAAG,CAAC,CAAC;OAC5C,MAAM;AACL,YAAI,QAAQ,EAAE;;AACZ,iBAAO,CAAC,GAAG,CAAC,OAAO,GAAG,QAAQ,CAAC,MAAM,CAAC,CAAC;AACvC,kBAAQ,GAAG,IAAI,EAAE,EAAA,CAAC;AAClB,cAAI,CAAC,GAAG,CAAC,CAAC;AACV,eAAK,IAAI,CAAC,GAAG,CAAC,EAAE,CAAC,GAAG,QAAQ,CAAC,MAAM,EAAE,CAAC,EAAE,EAAE;AACxC,mBAAO,CAAC,GAAG,CAAC,OAAO,GAAG,KAAK,GAAG,QAAQ,CAAC,CAAC,CAAC,CAAC,GAAG,CAAC,CAAC;AAC/C,oBAAQ,CAAC,CAAC,CAAC,GAAG,aAAa,CAAC,QAAQ,CAAC,CAAC,CAAC,CAAC,CAAC;WAC1C,CAAC;;;;;AAKF,iBAAO,QAAQ,CAAC;SACjB,MAAM;AACL,iBAAO,CAAC,GAAG,CAAC,gCAAgC,CAAC,CAAC;SAC/C;OACF;KACF,CAAC,CAAC;GACN;CACF,CAAC,CAAC;;;;AAIH,SAAS,aAAa,CAAC,GAAG,EAAE;AAC1B,MAAI,MAAM,GAAG,EAAE,CAAC;AAChB,SAAO,CAAC,GAAG,CAAC,GAAG,CAAC,CAAC;AACjB,OAAK,GAAG,qCAAI,GAAG,GAAE;AACf,QAAI,IAAI,GAAG,GAAG,CAAC,OAAO,CAAC,GAAG,EAAE,EAAE,CAAC,CAAC;AAChC,UAAM,CAAC,IAAI,CAAC,GAAG,GAAG,CAAC,GAAG,CAAC,CAAC;GACzB;AACD,SAAO,CAAC,GAAG,CAAC,MAAM,CAAC,CAAC;AACpB,SAAO,MAAM,CAAC;CACf","file":"/client/scripts/landingpage.js.map","sourcesContent":["// -- helper function for websites lists - top 5 - in landing_page --\nTemplate.landingpage.helpers({\n  topfive: function() {\n    // return Websites.find({}, {\n    //   skip: 0,\n    //   limit: 5,\n    //   sort: {\n    //     voteUp: -1\n    //   }\n    // });\n    return Meteor.call(\"getTopFive\",\n      function(err, callback) {\n        if (err) { // error\n          console.log(\"[ERROR]: getTopFive, \" + err);\n        } else {\n          if (callback) { // ok - we have website saved --\n            console.log(\"Here \" + callback.length);\n            websites = new [];\n            var i = 0;\n            for (var i = 0; i < callback.length; i++) {\n              console.log(\"Here \" + \" i \" + callback[i]._id);\n              websites[i] = fixObjectKeys(callback[i]);\n            };\n            // for (var_id in callback._id) {\n            //   websites[i] = fixObjectKeys(callback._id[web_id]);\n            //   i++;\n            // }\n            return websites;\n          } else {\n            console.log(\"[ERROR]: getTopFive not found.\");\n          }\n        }\n      });\n  }\n});\n\n// this renames object keys by removing hyphens to make the compatible\n// with spacebars.\nfunction fixObjectKeys(obj) {\n  var newObj = {};\n  console.log(obj);\n  for (key in obj) {\n    var key2 = key.replace(\"-\", \"\");\n    newObj[key2] = obj[key];\n  }\n  console.log(newObj);\n  return newObj;\n}\n"]},"hash":"1b1b1df15a421fd605550e7d65e5026bebe9cbba"}
