{"metadata":{"modules":{"imports":[],"exports":{"exported":[],"specifiers":[]}},"usedHelpers":[]},"ignored":false,"code":"/**\n * Meteor Methods JS\n */\nMeteor.methods({\n  // -- Save WebSite --\n  saveWebsite: function (inUrl, inTitle, inDesc) {\n    return Websites.push({\n      title: title,\n      url: inUrl,\n      description: inDesc,\n      voteUp: 1,\n      voteDown: 0,\n      comments: [],\n      createdBy: Meteor.userId(),\n      createdOn: new Date()\n    });\n  }\n});","ast":null,"map":{"version":3,"sources":["/server/methods.js"],"names":[],"mappings":";;;AAGA,MAAM,CAAC,OAAO,CAAC;;AAEb,aAAW,EAAE,UAAS,KAAK,EAAE,OAAO,EAAE,MAAM,EAAE;AAC5C,WAAO,QAAQ,CAAC,IAAI,CAAC;AACnB,WAAK,EAAE,KAAK;AACZ,SAAG,EAAE,KAAK;AACV,iBAAW,EAAE,MAAM;AACnB,YAAM,EAAE,CAAC;AACT,cAAQ,EAAE,CAAC;AACX,cAAQ,EAAE,EAAE;AACZ,eAAS,EAAE,MAAM,CAAC,MAAM,EAAE;AAC1B,eAAS,EAAE,IAAI,IAAI,EAAE;KACtB,CAAC,CAAC;GACJ;CACF,CAAC,CAAC","file":"/server/methods.js.map","sourcesContent":["/**\n * Meteor Methods JS\n */\nMeteor.methods({\n  // -- Save WebSite --\n  saveWebsite: function(inUrl, inTitle, inDesc) {\n    return Websites.push({\n      title: title,\n      url: inUrl,\n      description: inDesc,\n      voteUp: 1,\n      voteDown: 0,\n      comments: [],\n      createdBy: Meteor.userId(),\n      createdOn: new Date()\n    });\n  },\n});\n"]},"hash":"28e2c1d35b2abb3c035d5645e5a6a3bceea3cc1a"}
