{"metadata":{"modules":{"imports":[],"exports":{"exported":[],"specifiers":[]}},"usedHelpers":[]},"ignored":false,"code":"// -- users data --\nMeteor.publish(\"usersData\", function () {\n  if (this.userId) {\n    return Meteor.users.find({}, {\n      fields: {\n        profile: 1,\n        _id: -1\n      }\n    });\n  }\n});\n\n// -- websites listing --\nMeteor.publish(\"websitesList\", function () {\n  return Websites.find();\n});","ast":null,"map":{"version":3,"sources":["/server/publish.js"],"names":[],"mappings":";AACA,MAAM,CAAC,OAAO,CAAC,WAAW,EAAE,YAAW;AACrC,MAAI,IAAI,CAAC,MAAM,EAAE;AACf,WAAO,MAAM,CAAC,KAAK,CAAC,IAAI,CAAC,EAAE,EAAE;AAC3B,YAAM,EAAE;AACN,eAAO,EAAE,CAAC;AACV,WAAG,EAAE,CAAC,CAAC;OACR;KACF,CAAC,CAAC;GACJ;CACF,CAAC,CAAC;;;AAGH,MAAM,CAAC,OAAO,CAAC,cAAc,EAAE,YAAW;AACxC,SAAO,QAAQ,CAAC,IAAI,EAAE,CAAC;CACxB,CAAC,CAAC","file":"/server/publish.js.map","sourcesContent":["// -- users data --\nMeteor.publish(\"usersData\", function() {\n  if (this.userId) {\n    return Meteor.users.find({}, {\n      fields: {\n        profile: 1,\n        _id: -1\n      }\n    });\n  }\n});\n\n// -- websites listing --\nMeteor.publish(\"websitesList\", function() {\n  return Websites.find();\n});\n"]},"hash":"3963d0f00dfaad939691763564151f802c5d8137"}
