{"metadata":{"modules":{"imports":[],"exports":{"exported":[],"specifiers":[]}},"usedHelpers":[]},"ignored":false,"code":"/**\n * Meteor Methods JS\n */\nMeteor.methods({\n  // -- Save WebSite --\n  saveWebsite: function (id, url, title, desc) {\n    msgs.push({\n      userId: 100,\n      text: \"Welcome \" + userName + \" :smile:\",\n      timeStamp: new Date()\n    });\n  }\n});","ast":null,"map":{"version":3,"sources":["/server/methods.js"],"names":[],"mappings":";;;AAGA,MAAM,CAAC,OAAO,CAAC;;AAEb,aAAW,EAAE,UAAS,EAAE,EAAE,GAAG,EAAE,KAAK,EAAE,IAAI,EAAE;AAC1C,QAAI,CAAC,IAAI,CAAC;AACR,YAAM,EAAE,GAAG;AACX,UAAI,EAAE,UAAU,GAAG,QAAQ,GAAG,UAAU;AACxC,eAAS,EAAE,IAAI,IAAI,EAAE;KACtB,CAAC,CAAC;GACJ;CACF,CAAC,CAAC","file":"/server/methods.js.map","sourcesContent":["/**\n * Meteor Methods JS\n */\nMeteor.methods({\n  // -- Save WebSite --\n  saveWebsite: function(id, url, title, desc) {\n    msgs.push({\n      userId: 100,\n      text: \"Welcome \" + userName + \" :smile:\",\n      timeStamp: new Date()\n    });\n  },\n});\n"]},"hash":"3caf6f4bf5f3987837914a32587357dd929893de"}
