{"metadata":{"modules":{"imports":[],"exports":{"exported":[],"specifiers":[]}},"usedHelpers":[]},"ignored":false,"code":"/**\n * Meteor Methods JS\n */\nMeteor.methods({\n  // -- Save WebSite --\n  saveWebsite: function (url, title, desc) {\n    Websites.push({\n      title: \"University of London\",\n      url: \"http://www.londoninternational.ac.uk/courses/undergraduate/goldsmiths/bsc-creative-computing-bsc-diploma-work-entry-route\",\n      description: \"University of London International Programme.\",\n      voteUp: 0,\n      voteDown: 0,\n      comments: [],\n      createdBy: 100,\n      createdOn: new Date()\n    });\n  }\n});","ast":null,"map":{"version":3,"sources":["/server/methods.js"],"names":[],"mappings":";;;AAGA,MAAM,CAAC,OAAO,CAAC;;AAEb,aAAW,EAAE,UAAS,GAAG,EAAE,KAAK,EAAE,IAAI,EAAE;AACtC,YAAQ,CAAC,IAAI,CAAC;AACZ,WAAK,EAAE,sBAAsB;AAC7B,SAAG,EAAE,2HAA2H;AAChI,iBAAW,EAAE,+CAA+C;AAC5D,YAAM,EAAE,CAAC;AACT,cAAQ,EAAE,CAAC;AACX,cAAQ,EAAE,EAAE;AACZ,eAAS,EAAE,GAAG;AACd,eAAS,EAAE,IAAI,IAAI,EAAE;KACtB,CAAC,CAAC;GACJ;CACF,CAAC,CAAC","file":"/server/methods.js.map","sourcesContent":["/**\n * Meteor Methods JS\n */\nMeteor.methods({\n  // -- Save WebSite --\n  saveWebsite: function(url, title, desc) {\n    Websites.push({\n      title: \"University of London\",\n      url: \"http://www.londoninternational.ac.uk/courses/undergraduate/goldsmiths/bsc-creative-computing-bsc-diploma-work-entry-route\",\n      description: \"University of London International Programme.\",\n      voteUp: 0,\n      voteDown: 0,\n      comments: [],\n      createdBy: 100,\n      createdOn: new Date()\n    });\n  },\n});\n"]},"hash":"45a427d04aff2bc6282d98acdb6c5d2a3926884e"}
