{"metadata":{"modules":{"imports":[],"exports":{"exported":[],"specifiers":[]}},"usedHelpers":[]},"ignored":false,"code":"// -- helper function for websites lists - top 5 - in landing_page --\nTemplate.landingpage.helpers({\n  topfive: function () {\n    return Websites.find({}, {\n      skip: 0,\n      limit: 5,\n      sort: {\n        voteUp: -1\n      }\n    });\n    // console.log(\"Here1\");\n    // return Meteor.call(\"getTopFive\",\n    //   function(err, callback) {\n    //     if (err) { // error\n    //       console.log(\"[ERROR]: getTopFive, \" + err);\n    //     } else {\n    //       console.log(\"Here1.5\");\n    //       if (callback) { // ok - we have website saved --\n    //         console.log(\"Here2\" + callback);\n    //         //console.log(\"Here2.1\" + callback[0]._id);\n    //         return callback;\n    //       } else {\n    //         console.log(\"[ERROR]: getTopFive not found.\");\n    //       }\n    //     }\n    //   });\n  }\n});","ast":null,"map":{"version":3,"sources":["/client/scripts/landingpage.js"],"names":[],"mappings":";AACA,QAAQ,CAAC,WAAW,CAAC,OAAO,CAAC;AAC3B,SAAO,EAAE,YAAW;AAClB,WAAO,QAAQ,CAAC,IAAI,CAAC,EAAE,EAAE;AACvB,UAAI,EAAE,CAAC;AACP,WAAK,EAAE,CAAC;AACR,UAAI,EAAE;AACJ,cAAM,EAAE,CAAC,CAAC;OACX;KACF,CAAC,CAAC;;;;;;;;;;;;;;;;;GAiBJ;CACF,CAAC,CAAC","file":"/client/scripts/landingpage.js.map","sourcesContent":["// -- helper function for websites lists - top 5 - in landing_page --\nTemplate.landingpage.helpers({\n  topfive: function() {\n    return Websites.find({}, {\n      skip: 0,\n      limit: 5,\n      sort: {\n        voteUp: -1\n      }\n    });\n    // console.log(\"Here1\");\n    // return Meteor.call(\"getTopFive\",\n    //   function(err, callback) {\n    //     if (err) { // error\n    //       console.log(\"[ERROR]: getTopFive, \" + err);\n    //     } else {\n    //       console.log(\"Here1.5\");\n    //       if (callback) { // ok - we have website saved --\n    //         console.log(\"Here2\" + callback);\n    //         //console.log(\"Here2.1\" + callback[0]._id);\n    //         return callback;\n    //       } else {\n    //         console.log(\"[ERROR]: getTopFive not found.\");\n    //       }\n    //     }\n    //   });\n  }\n});\n"]},"hash":"4807ce006c575a8ba76233a118ff29a27739ec47"}
