{"metadata":{"modules":{"imports":[],"exports":{"exported":[],"specifiers":[]}},"usedHelpers":[]},"ignored":false,"code":"/**\n * Meteor Client Register Helper JS\n */\n\nTemplate.registerHelper(\"formatDate\", function (timestamp) {\n  return moment(new Date(timestamp)).fromNow();\n});\n\nTemplate.registerHelper(\"isNull\", (function () {\n  function b(val) {\n    return val == null || val === false;\n  }\n\n  return b;\n})());","ast":null,"map":{"version":3,"sources":["/client/scripts/registerhelper.js"],"names":[],"mappings":";;;;AAIA,QAAQ,CAAC,cAAc,CAAC,YAAY,EAAE,UAAS,SAAS,EAAE;AACxD,SAAO,MAAM,CAAC,IAAI,IAAI,CAAC,SAAS,CAAC,CAAC,CAAC,OAAO,EAAE,CAAC;CAC9C,CAAC,CAAC;;AAEH,QAAQ,CAAC,cAAc,CAAC,QAAQ;AAAE,WAAS,CAAC,CAAC,GAAG,EAAE;AAChD,WAAQ,GAAG,IAAI,IAAI,IAAI,GAAG,KAAK,KAAK,CAAE;GACvC;;SAF0C,CAAC;KAE1C,CAAC","file":"/client/scripts/registerhelper.js.map","sourcesContent":["/**\n * Meteor Client Register Helper JS\n */\n\nTemplate.registerHelper(\"formatDate\", function(timestamp) {\n  return moment(new Date(timestamp)).fromNow();\n});\n\nTemplate.registerHelper(\"isNull\", function b(val) {\n  return (val == null || val === false);\n});\n"]},"hash":"4a20d009e48fb35447ceaab817aef404bc8a5486"}
