{"metadata":{"modules":{"imports":[],"exports":{"exported":[],"specifiers":[]}},"usedHelpers":[]},"ignored":false,"code":"/**\n * Meteor Client Register Helper JS\n */\n\nTemplate.registerHelper(\"formatDate\", function (timestamp) {\n  return moment(new Date(timestamp)).fromNow();\n});\n\nTemplate.registerHelper(\"isNull\", function (val) {\n  return val == null || val === false;\n});","ast":null,"map":{"version":3,"sources":["/client/scripts/registerhelper.js"],"names":[],"mappings":";;;;AAIA,QAAQ,CAAC,cAAc,CAAC,YAAY,EAAE,UAAS,SAAS,EAAE;AACxD,SAAO,MAAM,CAAC,IAAI,IAAI,CAAC,SAAS,CAAC,CAAC,CAAC,OAAO,EAAE,CAAC;CAC9C,CAAC,CAAC;;AAEH,QAAQ,CAAC,cAAc,CAAC,QAAQ,EAAE,UAAS,GAAG,EAAE;AAC9C,SAAQ,GAAG,IAAI,IAAI,IAAI,GAAG,KAAK,KAAK,CAAE;CACvC,CAAC,CAAC","file":"/client/scripts/registerhelper.js.map","sourcesContent":["/**\n * Meteor Client Register Helper JS\n */\n\nTemplate.registerHelper(\"formatDate\", function(timestamp) {\n  return moment(new Date(timestamp)).fromNow();\n});\n\nTemplate.registerHelper(\"isNull\", function(val) {\n  return (val == null || val === false);\n});\n"]},"hash":"4b9254d3158c21cb8fc233d8d5c8b4c8b7840a36"}
