{"metadata":{"modules":{"imports":[],"exports":{"exported":[],"specifiers":[]}},"usedHelpers":[]},"ignored":false,"code":"// -- helper function for websites lists - top 5 - in landing_page --\nTemplate.landingpage.helpers({\n  topfive: function () {\n    return Websites.find({}, {\n      skip: 0,\n      limit: 5\n    });\n  }\n});","ast":null,"map":{"version":3,"sources":["/client/scripts/landingpage.js"],"names":[],"mappings":";AACA,QAAQ,CAAC,WAAW,CAAC,OAAO,CAAC;AAC3B,SAAO,EAAE,YAAW;AAClB,WAAO,QAAQ,CAAC,IAAI,CAAC,EAAE,EAAE;AACvB,UAAI,EAAE,CAAC;AACP,WAAK,EAAE,CAAC;KACT,CAAC,CAAC;GACJ;CACF,CAAC,CAAC","file":"/client/scripts/landingpage.js.map","sourcesContent":["// -- helper function for websites lists - top 5 - in landing_page --\nTemplate.landingpage.helpers({\n  topfive: function() {\n    return Websites.find({}, {\n      skip: 0,\n      limit: 5\n    });\n  }\n});\n"]},"hash":"57411a22e75567958014d97f750609c4eaa97d87"}
