{"metadata":{"modules":{"imports":[],"exports":{"exported":[],"specifiers":[]}},"usedHelpers":[]},"ignored":false,"code":"/**\n * Meteor Client Website Form Template JS\n */\n\n// -- Events --\nTemplate.websiteform.events({\n  \"click .js-website-modal\": function (event) {\n    $(\"#addModal\").modal(\"show\");\n  },\n  \"submit .js-website-save\": function (event) {\n    // stop the form from triggering a page reload\n    event.preventDefault();\n    // here is an example of how to get the url out of the form:\n    var url = event.target.url.value;\n    var title = event.target.title.value;\n    if (title == null || title === false) {\n      title = url;\n    }\n    var desc = event.target.description.value;\n    console.log(\"[INFO] URL: \" + url);\n    console.log(\"[INFO] Title: \" + title);\n    console.log(\"[INFO] Description: \" + desc);\n    // -- Save WebSite --\n    // Meteor.call(\"saveWebsite\", Meteor.userId(), url, title, desc\n    //   function(err, saved) {\n    //     if (err) { // error\n    //       console.log(\"ERROR: saveWebsite, \" + err);\n    //     } else {\n    //       if (saved) { // ok - we have website saved --\n    //         // reset the form\n    //         event.target.chat.value = \"\";\n    //       } else {\n    //         console.log(\"ERROR: saveWebsite, website not saved.\");\n    //       }\n    //     }\n    //   });\n  }\n});","ast":null,"map":{"version":3,"sources":["/client/scripts/websiteform.js"],"names":[],"mappings":";;;;;AAKA,QAAQ,CAAC,WAAW,CAAC,MAAM,CAAC;AAC1B,2BAAyB,EAAE,UAAS,KAAK,EAAE;AACzC,KAAC,CAAC,WAAW,CAAC,CAAC,KAAK,CAAC,MAAM,CAAC,CAAC;GAC9B;AACD,2BAAyB,EAAE,UAAS,KAAK,EAAE;;AAEzC,SAAK,CAAC,cAAc,EAAE,CAAC;;AAEvB,QAAI,GAAG,GAAG,KAAK,CAAC,MAAM,CAAC,GAAG,CAAC,KAAK,CAAC;AACjC,QAAI,KAAK,GAAG,KAAK,CAAC,MAAM,CAAC,KAAK,CAAC,KAAK,CAAC;AACrC,QAAI,KAAK,IAAI,IAAI,IAAI,KAAK,KAAK,KAAK,EAAE;AACpC,WAAK,GAAG,GAAG,CAAC;KACb;AACD,QAAI,IAAI,GAAG,KAAK,CAAC,MAAM,CAAC,WAAW,CAAC,KAAK,CAAC;AAC1C,WAAO,CAAC,GAAG,CACT,cAAc,GAAG,GAAG,CAAC,CAAC;AACxB,WAAO,CAAC,GAAG,CAAC,gBAAgB,GAAG,KAAK,CAAC,CAAC;AACtC,WAAO,CACJ,GAAG,CAAC,sBAAsB,GAAG,IAAI,CAAC,CAAC;;;;;;;;;;;;;;;GAevC;CACF,CAAC,CAAC","file":"/client/scripts/websiteform.js.map","sourcesContent":["/**\n * Meteor Client Website Form Template JS\n */\n\n// -- Events --\nTemplate.websiteform.events({\n  \"click .js-website-modal\": function(event) {\n    $(\"#addModal\").modal(\"show\");\n  },\n  \"submit .js-website-save\": function(event) {\n    // stop the form from triggering a page reload\n    event.preventDefault();\n    // here is an example of how to get the url out of the form:\n    var url = event.target.url.value;\n    var title = event.target.title.value;\n    if (title == null || title === false) {\n      title = url;\n    }\n    var desc = event.target.description.value;\n    console.log(\n      \"[INFO] URL: \" + url);\n    console.log(\"[INFO] Title: \" + title);\n    console\n      .log(\"[INFO] Description: \" + desc);\n    // -- Save WebSite --\n    // Meteor.call(\"saveWebsite\", Meteor.userId(), url, title, desc\n    //   function(err, saved) {\n    //     if (err) { // error\n    //       console.log(\"ERROR: saveWebsite, \" + err);\n    //     } else {\n    //       if (saved) { // ok - we have website saved --\n    //         // reset the form\n    //         event.target.chat.value = \"\";\n    //       } else {\n    //         console.log(\"ERROR: saveWebsite, website not saved.\");\n    //       }\n    //     }\n    //   });\n  }\n});\n"]},"hash":"633e6921cc7dfcbbd078cfe138c6a22583592b34"}
