{"metadata":{"modules":{"imports":[],"exports":{"exported":[],"specifiers":[]}},"usedHelpers":[]},"ignored":false,"code":"// start up function that creates entries in the Websites databases.\nMeteor.startup(function () {\n\t// code to run on server at startup\n\tif (!Websites.findOne()) {\n\t\tconsole.log(\"No websites yet. Creating starter data.\");\n\t\tWebsites.insert({\n\t\t\ttitle: \"Goldsmiths Computing Department\",\n\t\t\turl: \"http://www.gold.ac.uk/computing/\",\n\t\t\tdescription: \"This is where this course was developed.\",\n\t\t\tvoteUp: 0,\n\t\t\tvoteDown: 0,\n\t\t\tcomments: [],\n\t\t\tcreatedBy: 100,\n\t\t\tcreatedOn: new Date()\n\t\t});\n\t\tWebsites.insert({\n\t\t\ttitle: \"University of London\",\n\t\t\turl: \"http://www.londoninternational.ac.uk/courses/undergraduate/goldsmiths/bsc-creative-computing-bsc-diploma-work-entry-route\",\n\t\t\tdescription: \"University of London International Programme.\",\n\t\t\tvoteUp: 0,\n\t\t\tvoteDown: 0,\n\t\t\tcomments: [],\n\t\t\tcreatedBy: 100,\n\t\t\tcreatedOn: new Date()\n\t\t});\n\t\tWebsites.insert({\n\t\t\ttitle: \"Coursera\",\n\t\t\turl: \"http://www.coursera.org\",\n\t\t\tdescription: \"Universal access to the world’s best education.\",\n\t\t\tvoteUp: 0,\n\t\t\tvoteDown: 0,\n\t\t\tcomments: [],\n\t\t\tcreatedBy: 100,\n\t\t\tcreatedOn: new Date()\n\t\t});\n\t\tWebsites.insert({\n\t\t\ttitle: \"Google\",\n\t\t\turl: \"http://www.google.com\",\n\t\t\tdescription: \"Popular search engine.\",\n\t\t\tvoteUp: 0,\n\t\t\tvoteDown: 0,\n\t\t\tcomments: [],\n\t\t\tcreatedBy: 100,\n\t\t\tcreatedOn: new Date()\n\t\t});\n\t}\n});","ast":null,"map":{"version":3,"sources":["/server/startup.js"],"names":[],"mappings":";AACC,MAAM,CAAC,OAAO,CAAC,YAAW;;AAEzB,KAAI,CAAC,QAAQ,CAAC,OAAO,EAAE,EAAE;AACxB,SAAO,CAAC,GAAG,CAAC,yCAAyC,CAAC,CAAC;AACvD,UAAQ,CAAC,MAAM,CAAC;AACf,QAAK,EAAE,iCAAiC;AACxC,MAAG,EAAE,kCAAkC;AACvC,cAAW,EAAE,0CAA0C;AACvD,SAAM,EAAE,CAAC;AACT,WAAQ,EAAE,CAAC;AACX,WAAQ,EAAE,EAAE;AACZ,YAAS,EAAE,GAAG;AACd,YAAS,EAAE,IAAI,IAAI,EAAE;GACrB,CAAC,CAAC;AACH,UAAQ,CAAC,MAAM,CAAC;AACf,QAAK,EAAE,sBAAsB;AAC7B,MAAG,EAAE,2HAA2H;AAChI,cAAW,EAAE,+CAA+C;AAC5D,SAAM,EAAE,CAAC;AACT,WAAQ,EAAE,CAAC;AACX,WAAQ,EAAE,EAAE;AACZ,YAAS,EAAE,GAAG;AACd,YAAS,EAAE,IAAI,IAAI,EAAE;GACrB,CAAC,CAAC;AACH,UAAQ,CAAC,MAAM,CAAC;AACf,QAAK,EAAE,UAAU;AACjB,MAAG,EAAE,yBAAyB;AAC9B,cAAW,EAAE,iDAAiD;AAC9D,SAAM,EAAE,CAAC;AACT,WAAQ,EAAE,CAAC;AACX,WAAQ,EAAE,EAAE;AACZ,YAAS,EAAE,GAAG;AACd,YAAS,EAAE,IAAI,IAAI,EAAE;GACrB,CAAC,CAAC;AACH,UAAQ,CAAC,MAAM,CAAC;AACf,QAAK,EAAE,QAAQ;AACf,MAAG,EAAE,uBAAuB;AAC5B,cAAW,EAAE,wBAAwB;AACrC,SAAM,EAAE,CAAC;AACT,WAAQ,EAAE,CAAC;AACX,WAAQ,EAAE,EAAE;AACZ,YAAS,EAAE,GAAG;AACd,YAAS,EAAE,IAAI,IAAI,EAAE;GACrB,CAAC,CAAC;EACH;CACD,CAAC,CAAC","file":"/server/startup.js.map","sourcesContent":["\t// start up function that creates entries in the Websites databases.\n\tMeteor.startup(function() {\n\t\t// code to run on server at startup\n\t\tif (!Websites.findOne()) {\n\t\t\tconsole.log(\"No websites yet. Creating starter data.\");\n\t\t\tWebsites.insert({\n\t\t\t\ttitle: \"Goldsmiths Computing Department\",\n\t\t\t\turl: \"http://www.gold.ac.uk/computing/\",\n\t\t\t\tdescription: \"This is where this course was developed.\",\n\t\t\t\tvoteUp: 0,\n\t\t\t\tvoteDown: 0,\n\t\t\t\tcomments: [],\n\t\t\t\tcreatedBy: 100,\n\t\t\t\tcreatedOn: new Date()\n\t\t\t});\n\t\t\tWebsites.insert({\n\t\t\t\ttitle: \"University of London\",\n\t\t\t\turl: \"http://www.londoninternational.ac.uk/courses/undergraduate/goldsmiths/bsc-creative-computing-bsc-diploma-work-entry-route\",\n\t\t\t\tdescription: \"University of London International Programme.\",\n\t\t\t\tvoteUp: 0,\n\t\t\t\tvoteDown: 0,\n\t\t\t\tcomments: [],\n\t\t\t\tcreatedBy: 100,\n\t\t\t\tcreatedOn: new Date()\n\t\t\t});\n\t\t\tWebsites.insert({\n\t\t\t\ttitle: \"Coursera\",\n\t\t\t\turl: \"http://www.coursera.org\",\n\t\t\t\tdescription: \"Universal access to the world’s best education.\",\n\t\t\t\tvoteUp: 0,\n\t\t\t\tvoteDown: 0,\n\t\t\t\tcomments: [],\n\t\t\t\tcreatedBy: 100,\n\t\t\t\tcreatedOn: new Date()\n\t\t\t});\n\t\t\tWebsites.insert({\n\t\t\t\ttitle: \"Google\",\n\t\t\t\turl: \"http://www.google.com\",\n\t\t\t\tdescription: \"Popular search engine.\",\n\t\t\t\tvoteUp: 0,\n\t\t\t\tvoteDown: 0,\n\t\t\t\tcomments: [],\n\t\t\t\tcreatedBy: 100,\n\t\t\t\tcreatedOn: new Date()\n\t\t\t});\n\t\t}\n\t});\n"]},"hash":"658cfa91dcb1436fccbd965abe993e61d0480c38"}
