{"metadata":{"modules":{"imports":[],"exports":{"exported":[],"specifiers":[]}},"usedHelpers":[]},"ignored":false,"code":"// -- helper function for websites items --\nTemplate.websiteitem.events({\n  \"click .js-upvote\": function (event) {\n    // example of how you can access the id for the website in the database\n    // (this is the data context for the template)\n    var website_id = this._id;\n    console.log(\"Up voting website with id \" + website_id);\n    // put the code in here to add a vote to a website!\n\n    return false; // prevent the button from reloading the page\n  },\n  \"click .js-downvote\": function (event) {\n\n    // example of how you can access the id for the website in the database\n    // (this is the data context for the template)\n    var website_id = this._id;\n    console.log(\"Down voting website with id \" + website_id);\n\n    // put the code in here to remove a vote from a website!\n\n    return false; // prevent the button from reloading the page\n  }\n});","ast":null,"map":{"version":3,"sources":["/client/scripts/website_item.js"],"names":[],"mappings":";AACA,QAAQ,CAAC,WAAW,CAAC,MAAM,CAAC;AAC1B,oBAAkB,EAAE,UAAS,KAAK,EAAE;;;AAGlC,QAAI,UAAU,GAAG,IAAI,CAAC,GAAG,CAAC;AAC1B,WAAO,CAAC,GAAG,CAAC,4BAA4B,GAAG,UAAU,CAAC,CAAC;;;AAGvD,WAAO,KAAK,CAAC;GACd;AACD,sBAAoB,EAAE,UAAS,KAAK,EAAE;;;;AAIpC,QAAI,UAAU,GAAG,IAAI,CAAC,GAAG,CAAC;AAC1B,WAAO,CAAC,GAAG,CAAC,8BAA8B,GAAG,UAAU,CAAC,CAAC;;;;AAIzD,WAAO,KAAK,CAAC;GACd;CACF,CAAC,CAAA","file":"/client/scripts/website_item.js.map","sourcesContent":["// -- helper function for websites items --\nTemplate.websiteitem.events({\n  \"click .js-upvote\": function(event) {\n    // example of how you can access the id for the website in the database\n    // (this is the data context for the template)\n    var website_id = this._id;\n    console.log(\"Up voting website with id \" + website_id);\n    // put the code in here to add a vote to a website!\n\n    return false; // prevent the button from reloading the page\n  },\n  \"click .js-downvote\": function(event) {\n\n    // example of how you can access the id for the website in the database\n    // (this is the data context for the template)\n    var website_id = this._id;\n    console.log(\"Down voting website with id \" + website_id);\n\n    // put the code in here to remove a vote from a website!\n\n    return false; // prevent the button from reloading the page\n  }\n})\n"]},"hash":"6ed9b9c0ccfe7707594db74e59bd2e8feb066397"}
