{"metadata":{"modules":{"imports":[],"exports":{"exported":[],"specifiers":[]}},"usedHelpers":[]},"ignored":false,"code":"/**\n * Meteor Methods JS\n */\nMeteor.methods({\n  // -- Save WebSite --\n  saveWebsite: function (inUrl, inTitle, inDesc) {\n    Websites.push({\n      title: title,\n      url: inUrl,\n      description: \"University of London International Programme.\",\n      voteUp: 0,\n      voteDown: 0,\n      comments: [],\n      createdBy: 100,\n      createdOn: new Date()\n    });\n  }\n});","ast":null,"map":{"version":3,"sources":["/server/methods.js"],"names":[],"mappings":";;;AAGA,MAAM,CAAC,OAAO,CAAC;;AAEb,aAAW,EAAE,UAAS,KAAK,EAAE,OAAO,EAAE,MAAM,EAAE;AAC5C,YAAQ,CAAC,IAAI,CAAC;AACZ,WAAK,EAAE,KAAK;AACZ,SAAG,EAAE,KAAK;AACV,iBAAW,EAAE,+CAA+C;AAC5D,YAAM,EAAE,CAAC;AACT,cAAQ,EAAE,CAAC;AACX,cAAQ,EAAE,EAAE;AACZ,eAAS,EAAE,GAAG;AACd,eAAS,EAAE,IAAI,IAAI,EAAE;KACtB,CAAC,CAAC;GACJ;CACF,CAAC,CAAC","file":"/server/methods.js.map","sourcesContent":["/**\n * Meteor Methods JS\n */\nMeteor.methods({\n  // -- Save WebSite --\n  saveWebsite: function(inUrl, inTitle, inDesc) {\n    Websites.push({\n      title: title,\n      url: inUrl,\n      description: \"University of London International Programme.\",\n      voteUp: 0,\n      voteDown: 0,\n      comments: [],\n      createdBy: 100,\n      createdOn: new Date()\n    });\n  },\n});\n"]},"hash":"8d53601a01fd56165b02e971749fb25a2495bdb5"}
