{"metadata":{"modules":{"imports":[],"exports":{"exported":[],"specifiers":[]}},"usedHelpers":[]},"ignored":false,"code":"// -- helper function for websites lists - top 5 - in landing_page --\nTemplate.landingpage.helpers({\n  topfive: function () {\n    var result = Websites.find({}, {\n      skip: 0,\n      limit: 5,\n      sort: {\n        voteUp: -1\n      }\n    });\n    console.log(\"Here \" + result.title);\n    return result;\n    // return Meteor.call(\"getTopFive\",\n    //   function(err, callback) {\n    //     if (err) { // error\n    //       console.log(\"[ERROR]: getTopFive, \" + err);\n    //     } else {\n    //       if (callback) { // ok - we have website saved --\n    //         console.log(\"Here \" + callback.length);\n    //         websites = new Array();\n    //         websites = [{\n    //           title: 123\n    //         }, {\n    //           title: 111\n    //         }];\n    //         // var i = 0;\n    //         // for (var i = 0; i < callback.length; i++) {\n    //         //   console.log(\"Here \" + \" i \" + callback[i]._id);\n    //         //   websites.push fixObjectKeys(callback[i]);\n    //         // };\n    //         console.log(\"Here \" + websites);\n    //         return websites;\n    //       } else {\n    //         console.log(\"[ERROR]: getTopFive not found.\");\n    //       }\n    //     }\n    //   });\n  }\n});\n\n// this renames object keys by removing hyphens to make the compatible\n// with spacebars.\nfunction fixObjectKeys(obj) {\n  var newObj = {};\n  for (key in babelHelpers.sanitizeForInObject(obj)) {\n    var key2 = key.replace(\"-\", \"\");\n    newObj[key2] = obj[key];\n  }\n  return newObj;\n}","ast":null,"map":{"version":3,"sources":["/client/scripts/landingpage.js"],"names":[],"mappings":";AACA,QAAQ,CAAC,WAAW,CAAC,OAAO,CAAC;AAC3B,SAAO,EAAE,YAAW;AAClB,QAAI,MAAM,GAAG,QAAQ,CAAC,IAAI,CAAC,EAAE,EAAE;AAC7B,UAAI,EAAE,CAAC;AACP,WAAK,EAAE,CAAC;AACR,UAAI,EAAE;AACJ,cAAM,EAAE,CAAC,CAAC;OACX;KACF,CAAC,CAAC;AACH,WAAO,CAAC,GAAG,CAAC,OAAO,GAAG,MAAM,CAAC,KAAK,CAAC,CAAC;AACpC,WAAO,MAAM,CAAC;;;;;;;;;;;;;;;;;;;;;;;;;;GA0Bf;CACF,CAAC,CAAC;;;;AAIH,SAAS,aAAa,CAAC,GAAG,EAAE;AAC1B,MAAI,MAAM,GAAG,EAAE,CAAC;AAChB,OAAK,GAAG,qCAAI,GAAG,GAAE;AACf,QAAI,IAAI,GAAG,GAAG,CAAC,OAAO,CAAC,GAAG,EAAE,EAAE,CAAC,CAAC;AAChC,UAAM,CAAC,IAAI,CAAC,GAAG,GAAG,CAAC,GAAG,CAAC,CAAC;GACzB;AACD,SAAO,MAAM,CAAC;CACf","file":"/client/scripts/landingpage.js.map","sourcesContent":["// -- helper function for websites lists - top 5 - in landing_page --\nTemplate.landingpage.helpers({\n  topfive: function() {\n    var result = Websites.find({}, {\n      skip: 0,\n      limit: 5,\n      sort: {\n        voteUp: -1\n      }\n    });\n    console.log(\"Here \" + result.title);\n    return result;\n    // return Meteor.call(\"getTopFive\",\n    //   function(err, callback) {\n    //     if (err) { // error\n    //       console.log(\"[ERROR]: getTopFive, \" + err);\n    //     } else {\n    //       if (callback) { // ok - we have website saved --\n    //         console.log(\"Here \" + callback.length);\n    //         websites = new Array();\n    //         websites = [{\n    //           title: 123\n    //         }, {\n    //           title: 111\n    //         }];\n    //         // var i = 0;\n    //         // for (var i = 0; i < callback.length; i++) {\n    //         //   console.log(\"Here \" + \" i \" + callback[i]._id);\n    //         //   websites.push fixObjectKeys(callback[i]);\n    //         // };\n    //         console.log(\"Here \" + websites);\n    //         return websites;\n    //       } else {\n    //         console.log(\"[ERROR]: getTopFive not found.\");\n    //       }\n    //     }\n    //   });\n  }\n});\n\n// this renames object keys by removing hyphens to make the compatible\n// with spacebars.\nfunction fixObjectKeys(obj) {\n  var newObj = {};\n  for (key in obj) {\n    var key2 = key.replace(\"-\", \"\");\n    newObj[key2] = obj[key];\n  }\n  return newObj;\n}\n"]},"hash":"921caa3e75308d661c2db4fbe321f52df7aaa640"}
