{"metadata":{"modules":{"imports":[],"exports":{"exported":[],"specifiers":[]}},"usedHelpers":[]},"ignored":false,"code":"/**\n * Meteor Client Website Form Template JS\n */\n\n// -- Events --\nTemplate.websiteform.events({\n  \"click .js-website-modal\": function (event) {\n    $(\"#addModal\").modal(\"show\");\n  },\n  \"submit .js-website-save\": function (event) {\n    // stop the form from triggering a page reload\n    event.preventDefault();\n    // -- Save WebSite --\n    Meteor.call(\"saveWebsite\", Session.get(\"chatId\"), event.target.chat.value, function (err, saved) {\n      if (err) {\n        // error\n        console.log(\"ERROR: saveWebsite, \" + err);\n      } else {\n        if (saved) {\n          // ok - we have website saved --\n          // reset the form\n          event.target.chat.value = \"\";\n        } else {\n          console.log(\"ERROR: saveWebsite, website not saved.\");\n        }\n      }\n    });\n\n    // here is an example of how to get the url out of the form:\n    var url = event.target.url.value;\n    console.log(\"The url they entered is: \" + url);\n\n    //  put your website saving code in here!\n\n    return false; // stop the form submit from reloading the page\n  }\n});","ast":null,"map":{"version":3,"sources":["/client/scripts/websiteform.js"],"names":[],"mappings":";;;;;AAKA,QAAQ,CAAC,WAAW,CAAC,MAAM,CAAC;AAC1B,2BAAyB,EAAE,UAAS,KAAK,EAAE;AACzC,KAAC,CAAC,WAAW,CAAC,CAAC,KAAK,CAAC,MAAM,CAAC,CAAC;GAC9B;AACD,2BAAyB,EAAE,UAAS,KAAK,EAAE;;AAEzC,SAAK,CAAC,cAAc,EAAE,CAAC;;AAEvB,UAAM,CAAC,IAAI,CAAC,aAAa,EAAE,OAAO,CAAC,GAAG,CAAC,QAAQ,CAAC,EAAE,KAAK,CAAC,MAAM,CAAC,IAAI,CAAC,KAAK,EACvE,UAAS,GAAG,EAAE,KAAK,EAAE;AACnB,UAAI,GAAG,EAAE;;AACP,eAAO,CAAC,GAAG,CAAC,sBAAsB,GAAG,GAAG,CAAC,CAAC;OAC3C,MAAM;AACL,YAAI,KAAK,EAAE;;;AAET,eAAK,CAAC,MAAM,CAAC,IAAI,CAAC,KAAK,GAAG,EAAE,CAAC;SAC9B,MAAM;AACL,iBAAO,CAAC,GAAG,CAAC,wCAAwC,CAAC,CAAC;SACvD;OACF;KACF,CAAC,CAAC;;;AAIL,QAAI,GAAG,GAAG,KAAK,CAAC,MAAM,CAAC,GAAG,CAAC,KAAK,CAAC;AACjC,WAAO,CAAC,GAAG,CAAC,2BAA2B,GAAG,GAAG,CAAC,CAAC;;;;AAI/C,WAAO,KAAK,CAAC;GAEd;CACF,CAAC,CAAC","file":"/client/scripts/websiteform.js.map","sourcesContent":["/**\n * Meteor Client Website Form Template JS\n */\n\n// -- Events --\nTemplate.websiteform.events({\n  \"click .js-website-modal\": function(event) {\n    $(\"#addModal\").modal(\"show\");\n  },\n  \"submit .js-website-save\": function(event) {\n    // stop the form from triggering a page reload\n    event.preventDefault();\n    // -- Save WebSite --\n    Meteor.call(\"saveWebsite\", Session.get(\"chatId\"), event.target.chat.value,\n      function(err, saved) {\n        if (err) { // error\n          console.log(\"ERROR: saveWebsite, \" + err);\n        } else {\n          if (saved) { // ok - we have website saved --\n            // reset the form\n            event.target.chat.value = \"\";\n          } else {\n            console.log(\"ERROR: saveWebsite, website not saved.\");\n          }\n        }\n      });\n\n\n    // here is an example of how to get the url out of the form:\n    var url = event.target.url.value;\n    console.log(\"The url they entered is: \" + url);\n\n    //  put your website saving code in here!\n\n    return false; // stop the form submit from reloading the page\n\n  }\n});\n"]},"hash":"9c61284136e71007bfc2031f29e85aa7c494b612"}
