{"metadata":{"modules":{"imports":[],"exports":{"exported":[],"specifiers":[]}},"usedHelpers":[]},"ignored":false,"code":"/**\n * Meteor Methods JS\n */\nMeteor.methods({\n  // -- Get Top Five --\n  getTopFive: function () {\n    // console.log(\"Here1.1\");\n    // var result = Websites.find({}, {\n    //   skip: 0,\n    //   limit: 5,\n    //   sort: {\n    //     voteUp: -1\n    //   }\n    // }).fetch();\n    // console.log(\"Here1.2 \" + result);\n    // return result;\n    return Websites.findOne();\n  },\n  // -- Save WebSite --\n  saveWebsite: function (inUrl, inTitle, inDesc) {\n    if (!this.userId) {\n      // not logged in\n      return;\n    } else {\n      var newWebSite = {\n        title: inTitle,\n        url: inUrl,\n        description: inDesc,\n        voteUp: 1,\n        voteDown: 0,\n        comments: [],\n        createdBy: Meteor.userId(),\n        createdOn: new Date()\n      };\n      var id = Websites.insert(newWebSite);\n      console.log(\"saveWebsite method: got an id \" + id);\n      return id;\n    }\n  }\n});","ast":null,"map":{"version":3,"sources":["/server/methods.js"],"names":[],"mappings":";;;AAGA,MAAM,CAAC,OAAO,CAAC;;AAEb,YAAU,EAAE,YAAW;;;;;;;;;;;AAWrB,WAAO,QAAQ,CAAC,OAAO,EAAE,CAAC;GAC3B;;AAED,aAAW,EAAE,UAAS,KAAK,EAAE,OAAO,EAAE,MAAM,EAAE;AAC5C,QAAI,CAAC,IAAI,CAAC,MAAM,EAAE;;AAChB,aAAO;KACR,MAAM;AACL,UAAI,UAAU,GAAG;AACf,aAAK,EAAE,OAAO;AACd,WAAG,EAAE,KAAK;AACV,mBAAW,EAAE,MAAM;AACnB,cAAM,EAAE,CAAC;AACT,gBAAQ,EAAE,CAAC;AACX,gBAAQ,EAAE,EAAE;AACZ,iBAAS,EAAE,MAAM,CAAC,MAAM,EAAE;AAC1B,iBAAS,EAAE,IAAI,IAAI,EAAE;OACtB,CAAC;AACF,UAAI,EAAE,GAAG,QAAQ,CAAC,MAAM,CAAC,UAAU,CAAC,CAAC;AACrC,aAAO,CAAC,GAAG,CAAC,gCAAgC,GAAG,EAAE,CAAC,CAAC;AACnD,aAAO,EAAE,CAAC;KACX;GACF;CACF,CAAC,CAAC","file":"/server/methods.js.map","sourcesContent":["/**\n * Meteor Methods JS\n */\nMeteor.methods({\n  // -- Get Top Five --\n  getTopFive: function() {\n    // console.log(\"Here1.1\");\n    // var result = Websites.find({}, {\n    //   skip: 0,\n    //   limit: 5,\n    //   sort: {\n    //     voteUp: -1\n    //   }\n    // }).fetch();\n    // console.log(\"Here1.2 \" + result);\n    // return result;\n    return Websites.findOne();\n  },\n  // -- Save WebSite --\n  saveWebsite: function(inUrl, inTitle, inDesc) {\n    if (!this.userId) { // not logged in\n      return;\n    } else {\n      var newWebSite = {\n        title: inTitle,\n        url: inUrl,\n        description: inDesc,\n        voteUp: 1,\n        voteDown: 0,\n        comments: [],\n        createdBy: Meteor.userId(),\n        createdOn: new Date()\n      };\n      var id = Websites.insert(newWebSite);\n      console.log(\"saveWebsite method: got an id \" + id);\n      return id;\n    }\n  },\n});\n"]},"hash":"af368955dd6434c1bc619634a8bd64ebde50f9ae"}
