{"metadata":{"modules":{"imports":[],"exports":{"exported":[],"specifiers":[]}},"usedHelpers":[]},"ignored":false,"code":"// -- helper function for websites lists - top 5 - in landing_page --\nTemplate.landingpage.helpers({\n  topfive: function () {\n    // return Websites.find({}, {\n    //   skip: 0,\n    //   limit: 5,\n    //   sort: {\n    //     voteUp: -1\n    //   }\n    // });\n    return Meteor.call(\"getTopFive\", function (err, callback) {\n      if (err) {\n        // error\n        console.log(\"[ERROR]: getTopFive, \" + err);\n      } else {\n        if (callback) {\n          // ok - we have website saved --\n          console.log(\"Here \" + callback.length);\n          websites = new Array();\n          websites = [{\n            title: 123\n          }, {\n            title: 111\n          }];\n          // var i = 0;\n          // for (var i = 0; i < callback.length; i++) {\n          //   console.log(\"Here \" + \" i \" + callback[i]._id);\n          //   websites.push fixObjectKeys(callback[i]);\n          // };\n          console.log(\"Here \" + websites);\n          return websites;\n        } else {\n          console.log(\"[ERROR]: getTopFive not found.\");\n        }\n      }\n    });\n  }\n});\n\n// this renames object keys by removing hyphens to make the compatible\n// with spacebars.\nfunction fixObjectKeys(obj) {\n  var newObj = {};\n  for (key in babelHelpers.sanitizeForInObject(obj)) {\n    var key2 = key.replace(\"-\", \"\");\n    newObj[key2] = obj[key];\n  }\n  return newObj;\n}","ast":null,"map":{"version":3,"sources":["/client/scripts/landingpage.js"],"names":[],"mappings":";AACA,QAAQ,CAAC,WAAW,CAAC,OAAO,CAAC;AAC3B,SAAO,EAAE,YAAW;;;;;;;;AAQlB,WAAO,MAAM,CAAC,IAAI,CAAC,YAAY,EAC7B,UAAS,GAAG,EAAE,QAAQ,EAAE;AACtB,UAAI,GAAG,EAAE;;AACP,eAAO,CAAC,GAAG,CAAC,uBAAuB,GAAG,GAAG,CAAC,CAAC;OAC5C,MAAM;AACL,YAAI,QAAQ,EAAE;;AACZ,iBAAO,CAAC,GAAG,CAAC,OAAO,GAAG,QAAQ,CAAC,MAAM,CAAC,CAAC;AACvC,kBAAQ,GAAG,IAAI,KAAK,EAAE,CAAC;AACvB,kBAAQ,GAAG,CAAC;AACV,iBAAK,EAAE,GAAG;WACX,EAAE;AACD,iBAAK,EAAE,GAAG;WACX,CAAC,CAAC;;;;;;AAMH,iBAAO,CAAC,GAAG,CAAC,OAAO,GAAG,QAAQ,CAAC,CAAC;AAChC,iBAAO,QAAQ,CAAC;SACjB,MAAM;AACL,iBAAO,CAAC,GAAG,CAAC,gCAAgC,CAAC,CAAC;SAC/C;OACF;KACF,CAAC,CAAC;GACN;CACF,CAAC,CAAC;;;;AAIH,SAAS,aAAa,CAAC,GAAG,EAAE;AAC1B,MAAI,MAAM,GAAG,EAAE,CAAC;AAChB,OAAK,GAAG,qCAAI,GAAG,GAAE;AACf,QAAI,IAAI,GAAG,GAAG,CAAC,OAAO,CAAC,GAAG,EAAE,EAAE,CAAC,CAAC;AAChC,UAAM,CAAC,IAAI,CAAC,GAAG,GAAG,CAAC,GAAG,CAAC,CAAC;GACzB;AACD,SAAO,MAAM,CAAC;CACf","file":"/client/scripts/landingpage.js.map","sourcesContent":["// -- helper function for websites lists - top 5 - in landing_page --\nTemplate.landingpage.helpers({\n  topfive: function() {\n    // return Websites.find({}, {\n    //   skip: 0,\n    //   limit: 5,\n    //   sort: {\n    //     voteUp: -1\n    //   }\n    // });\n    return Meteor.call(\"getTopFive\",\n      function(err, callback) {\n        if (err) { // error\n          console.log(\"[ERROR]: getTopFive, \" + err);\n        } else {\n          if (callback) { // ok - we have website saved --\n            console.log(\"Here \" + callback.length);\n            websites = new Array();\n            websites = [{\n              title: 123\n            }, {\n              title: 111\n            }];\n            // var i = 0;\n            // for (var i = 0; i < callback.length; i++) {\n            //   console.log(\"Here \" + \" i \" + callback[i]._id);\n            //   websites.push fixObjectKeys(callback[i]);\n            // };\n            console.log(\"Here \" + websites);\n            return websites;\n          } else {\n            console.log(\"[ERROR]: getTopFive not found.\");\n          }\n        }\n      });\n  }\n});\n\n// this renames object keys by removing hyphens to make the compatible\n// with spacebars.\nfunction fixObjectKeys(obj) {\n  var newObj = {};\n  for (key in obj) {\n    var key2 = key.replace(\"-\", \"\");\n    newObj[key2] = obj[key];\n  }\n  return newObj;\n}\n"]},"hash":"cce39dfd99cea9bf529c20d71ca8216368581ad3"}
