{"metadata":{"modules":{"imports":[],"exports":{"exported":[],"specifiers":[]}},"usedHelpers":[]},"ignored":false,"code":"/**\n * Meteor Methods JS\n */\nMeteor.methods({\n  // -- Save WebSite --\n  saveWebsite: function (inUrl, inTitle, inDesc) {\n    if (!this.userId) {\n      // not logged in\n      return;\n    } else {\n      var newWebSite = {\n        title: inTitle,\n        url: inUrl,\n        description: inDesc,\n        voteUp: 1,\n        voteDown: 0,\n        comments: [],\n        createdBy: Meteor.userId(),\n        createdOn: new Date()\n      };\n      var id = Websites.insert(newWebSite);\n      console.log(\"saveWebsite method: got an id \" + id);\n      return id;\n    }\n  }\n});","ast":null,"map":{"version":3,"sources":["/server/methods.js"],"names":[],"mappings":";;;AAGA,MAAM,CAAC,OAAO,CAAC;;AAEb,aAAW,EAAE,UAAS,KAAK,EAAE,OAAO,EAAE,MAAM,EAAE;AAC5C,QAAI,CAAC,IAAI,CAAC,MAAM,EAAE;;AAChB,aAAO;KACR,MAAM;AACL,UAAI,UAAU,GAAG;AACf,aAAK,EAAE,OAAO;AACd,WAAG,EAAE,KAAK;AACV,mBAAW,EAAE,MAAM;AACnB,cAAM,EAAE,CAAC;AACT,gBAAQ,EAAE,CAAC;AACX,gBAAQ,EAAE,EAAE;AACZ,iBAAS,EAAE,MAAM,CAAC,MAAM,EAAE;AAC1B,iBAAS,EAAE,IAAI,IAAI,EAAE;OACtB,CAAC;AACF,UAAI,EAAE,GAAG,QAAQ,CAAC,MAAM,CAAC,UAAU,CAAC,CAAC;AACrC,aAAO,CAAC,GAAG,CAAC,gCAAgC,GAAG,EAAE,CAAC,CAAC;AACnD,aAAO,EAAE,CAAC;KACX;GACF;CACF,CAAC,CAAC","file":"/server/methods.js.map","sourcesContent":["/**\n * Meteor Methods JS\n */\nMeteor.methods({\n  // -- Save WebSite --\n  saveWebsite: function(inUrl, inTitle, inDesc) {\n    if (!this.userId) { // not logged in\n      return;\n    } else {\n      var newWebSite = {\n        title: inTitle,\n        url: inUrl,\n        description: inDesc,\n        voteUp: 1,\n        voteDown: 0,\n        comments: [],\n        createdBy: Meteor.userId(),\n        createdOn: new Date()\n      };\n      var id = Websites.insert(newWebSite);\n      console.log(\"saveWebsite method: got an id \" + id);\n      return id;\n    }\n  },\n});\n"]},"hash":"e6820c356636326954524d3b6af8e4c85d36c96c"}
