{"metadata":{"modules":{"imports":[],"exports":{"exported":[],"specifiers":[]}},"usedHelpers":[]},"ignored":false,"code":"/**\n * Meteor Methods JS\n */\nMeteor.methods({\n  // -- Save WebSite --\n  saveWebsite: function (url, title, desc) {\n    Websites.push({\n      userId: 100,\n      text: \"Welcome \" + userName + \" :smile:\",\n      timeStamp: new Date()\n    });\n  }\n});","ast":null,"map":{"version":3,"sources":["/server/methods.js"],"names":[],"mappings":";;;AAGA,MAAM,CAAC,OAAO,CAAC;;AAEb,aAAW,EAAE,UAAS,GAAG,EAAE,KAAK,EAAE,IAAI,EAAE;AACtC,YAAQ,CAAC,IAAI,CAAC;AACZ,YAAM,EAAE,GAAG;AACX,UAAI,EAAE,UAAU,GAAG,QAAQ,GAAG,UAAU;AACxC,eAAS,EAAE,IAAI,IAAI,EAAE;KACtB,CAAC,CAAC;GACJ;CACF,CAAC,CAAC","file":"/server/methods.js.map","sourcesContent":["/**\n * Meteor Methods JS\n */\nMeteor.methods({\n  // -- Save WebSite --\n  saveWebsite: function(url, title, desc) {\n    Websites.push({\n      userId: 100,\n      text: \"Welcome \" + userName + \" :smile:\",\n      timeStamp: new Date()\n    });\n  },\n});\n"]},"hash":"e8b40a0f136be59592d34d9ad9d693fd519cad9e"}
