{"metadata":{"modules":{"imports":[],"exports":{"exported":[],"specifiers":[]}},"usedHelpers":[]},"ignored":false,"code":"// -- helper function for websites lists - top 5 - in landing_page --\nTemplate.landingpage.helpers({\n  topfive: function () {\n    // return Websites.find({}, {\n    //   skip: 0,\n    //   limit: 5,\n    //   sort: {\n    //     voteUp: -1\n    //   }\n    // });\n    console.log(\"Here1\");\n    return Meteor.call(\"getTopFive\", function (err, callback) {\n      if (err) {\n        // error\n        console.log(\"[ERROR]: getTopFive, \" + err);\n      } else {\n        console.log(\"Here1.5\");\n        if (callback) {\n          // ok - we have website saved --\n          console.log(\"Here2\" + callback.length);\n          websites = new Array();\n          var i = 0;\n          for (var _id in babelHelpers.sanitizeForInObject(callback.websites)) {\n            console.log(\"Here2--\" + _id);\n            websites[i] = fixObjectKeys(callback.websites[_id]);\n            i++;\n          }\n          return websites;\n        } else {\n          console.log(\"[ERROR]: getTopFive not found.\");\n        }\n      }\n    });\n  }\n});\n\n// helper to remove hyphens from object keys for spacebars.\nfunction fixObjectKeys(obj) {\n  var newObj = {};\n  for (key in babelHelpers.sanitizeForInObject(obj)) {\n    var key2 = key.replace(\"-\", \"\");\n    newObj[key2] = obj[key];\n  }\n  return newObj;\n}","ast":null,"map":{"version":3,"sources":["/client/scripts/landingpage.js"],"names":[],"mappings":";AACA,QAAQ,CAAC,WAAW,CAAC,OAAO,CAAC;AAC3B,SAAO,EAAE,YAAW;;;;;;;;AAQlB,WAAO,CAAC,GAAG,CAAC,OAAO,CAAC,CAAC;AACrB,WAAO,MAAM,CAAC,IAAI,CAAC,YAAY,EAC7B,UAAS,GAAG,EAAE,QAAQ,EAAE;AACtB,UAAI,GAAG,EAAE;;AACP,eAAO,CAAC,GAAG,CAAC,uBAAuB,GAAG,GAAG,CAAC,CAAC;OAC5C,MAAM;AACL,eAAO,CAAC,GAAG,CAAC,SAAS,CAAC,CAAC;AACvB,YAAI,QAAQ,EAAE;;AACZ,iBAAO,CAAC,GAAG,CAAC,OAAO,GAAG,QAAQ,CAAC,MAAM,CAAC,CAAC;AACvC,kBAAQ,GAAG,IAAI,KAAK,EAAE,CAAC;AACvB,cAAI,CAAC,GAAG,CAAC,CAAC;AACV,eAAK,IAAI,GAAG,qCAAI,QAAQ,CAAC,QAAQ,GAAE;AACjC,mBAAO,CAAC,GAAG,CAAC,SAAS,GAAG,GAAG,CAAC,CAAC;AAC7B,oBAAQ,CAAC,CAAC,CAAC,GAAG,aAAa,CAAC,QAAQ,CAAC,QAAQ,CAAC,GAAG,CAAC,CAAC,CAAC;AACpD,aAAC,EAAE,CAAC;WACL;AACD,iBAAO,QAAQ,CAAC;SACjB,MAAM;AACL,iBAAO,CAAC,GAAG,CAAC,gCAAgC,CAAC,CAAC;SAC/C;OACF;KACF,CAAC,CAAC;GACN;CACF,CAAC,CAAC;;;AAIH,SAAS,aAAa,CAAC,GAAG,EAAE;AAC1B,MAAI,MAAM,GAAG,EAAE,CAAC;AAChB,OAAK,GAAG,qCAAI,GAAG,GAAE;AACf,QAAI,IAAI,GAAG,GAAG,CAAC,OAAO,CAAC,GAAG,EAAE,EAAE,CAAC,CAAC;AAChC,UAAM,CAAC,IAAI,CAAC,GAAG,GAAG,CAAC,GAAG,CAAC,CAAC;GACzB;AACD,SAAO,MAAM,CAAC;CACf","file":"/client/scripts/landingpage.js.map","sourcesContent":["// -- helper function for websites lists - top 5 - in landing_page --\nTemplate.landingpage.helpers({\n  topfive: function() {\n    // return Websites.find({}, {\n    //   skip: 0,\n    //   limit: 5,\n    //   sort: {\n    //     voteUp: -1\n    //   }\n    // });\n    console.log(\"Here1\");\n    return Meteor.call(\"getTopFive\",\n      function(err, callback) {\n        if (err) { // error\n          console.log(\"[ERROR]: getTopFive, \" + err);\n        } else {\n          console.log(\"Here1.5\");\n          if (callback) { // ok - we have website saved --\n            console.log(\"Here2\" + callback.length);\n            websites = new Array();\n            var i = 0;\n            for (var _id in callback.websites) {\n              console.log(\"Here2--\" + _id);\n              websites[i] = fixObjectKeys(callback.websites[_id]);\n              i++;\n            }\n            return websites;\n          } else {\n            console.log(\"[ERROR]: getTopFive not found.\");\n          }\n        }\n      });\n  }\n});\n\n\n// helper to remove hyphens from object keys for spacebars.\nfunction fixObjectKeys(obj) {\n  var newObj = {};\n  for (key in obj) {\n    var key2 = key.replace(\"-\", \"\");\n    newObj[key2] = obj[key];\n  }\n  return newObj;\n}\n"]},"hash":"f6f5272c029eb7afee9d8c8485416780a40cb586"}
