{"metadata":{"modules":{"imports":[],"exports":{"exported":[],"specifiers":[]}},"usedHelpers":[]},"ignored":false,"code":"/**\n * Meteor Client Register Helper JS\n */\n\nTemplate.registerHelper(\"formatDate\", function (timestamp) {\n  return moment(new Date(timestamp)).fromNow();\n});\n\nTemplate.registerHelper(\"arrayify\", function (obj) {\n  result = [];\n  console.log(\"XX: \" + obj._id);\n  for (var key in babelHelpers.sanitizeForInObject(obj)) {\n    console.log(\"XX: \" + key);\n    result.push({\n      name: key,\n      value: obj[key]\n    });\n  }\n  return result;\n});","ast":null,"map":{"version":3,"sources":["/client/scripts/registerhelper.js"],"names":[],"mappings":";;;;AAIA,QAAQ,CAAC,cAAc,CAAC,YAAY,EAAE,UAAS,SAAS,EAAE;AACxD,SAAO,MAAM,CAAC,IAAI,IAAI,CAAC,SAAS,CAAC,CAAC,CAAC,OAAO,EAAE,CAAC;CAC9C,CAAC,CAAC;;AAEH,QAAQ,CAAC,cAAc,CAAC,UAAU,EAAE,UAAS,GAAG,EAAE;AAChD,QAAM,GAAG,EAAE,CAAC;AACZ,SAAO,CAAC,GAAG,CAAC,MAAM,GAAG,GAAG,CAAC,GAAG,CAAC,CAAC;AAC9B,OAAK,IAAI,GAAG,qCAAI,GAAG,GAAE;AACnB,WAAO,CAAC,GAAG,CAAC,MAAM,GAAG,GAAG,CAAC,CAAC;AAC1B,UAAM,CAAC,IAAI,CAAC;AACV,UAAI,EAAE,GAAG;AACT,WAAK,EAAE,GAAG,CAAC,GAAG,CAAC;KAChB,CAAC,CAAC;GACJ;AACD,SAAO,MAAM,CAAC;CACf,CAAC,CAAC","file":"/client/scripts/registerhelper.js.map","sourcesContent":["/**\n * Meteor Client Register Helper JS\n */\n\nTemplate.registerHelper(\"formatDate\", function(timestamp) {\n  return moment(new Date(timestamp)).fromNow();\n});\n\nTemplate.registerHelper(\"arrayify\", function(obj) {\n  result = [];\n  console.log(\"XX: \" + obj._id);\n  for (var key in obj) {\n    console.log(\"XX: \" + key);\n    result.push({\n      name: key,\n      value: obj[key]\n    });\n  }\n  return result;\n});\n"]},"hash":"faf044142800d124f3b539efa4c6055b1c9a8c8f"}
