{"metadata":{"modules":{"imports":[],"exports":{"exported":[],"specifiers":[]}},"usedHelpers":[]},"ignored":false,"code":"/**\n * Meteor Mongo Collection\n */\n\nChats = new Mongo.Collection(\"chats\");","ast":null,"map":{"version":3,"sources":["/shared/collection.js"],"names":[],"mappings":";;;;AAIA,KAAK,GAAG,IAAI,KAAK,CAAC,UAAU,CAAC,OAAO,CAAC,CAAC","file":"/shared/collection.js.map","sourcesContent":["/**\n * Meteor Mongo Collection\n */\n\nChats = new Mongo.Collection(\"chats\");\n"]},"hash":"2635a465b1ba3b1bc2e05eb7391544f1ccc112c3"}
