{"metadata":{"modules":{"imports":[],"exports":{"exported":[],"specifiers":[]}},"usedHelpers":[]},"ignored":false,"code":"// set up the main template the the router will use to build pages\nRouter.configure({\n  layoutTemplate: 'ApplicationLayout'\n});\n\n// specify the top level route, the page users see when they arrive at the site\nRouter.route('/', function () {\n  //console.log(\"rendering root /\");\n  var route = this;\n  route.render(\"navbar\", {\n    to: \"header\"\n  });\n  // -- Check if user login --\n  if (Meteor.user()) {\n    route.render(\"lobby_page\", {\n      to: \"main\"\n    });\n  } else {\n    route.render(\"landing_page\", {\n      to: \"main\"\n    });\n  }\n});\n\n// specify a route that allows the current user to chat to another users\nRouter.route('/chat/:_id', function () {\n  var route = this;\n  route.render(\"navbar\", {\n    to: \"header\"\n  });\n\n  // -- Check if user login --\n  if (Meteor.user()) {\n    route.render(\"chat_page\", {\n      to: \"main\"\n    });\n  } else {\n    route.render(\"landing_page\", {\n      to: \"main\"\n    });\n  }\n\n  Session.set(\"chatId\", \"\"); // clear chatId\n\n  // the user they want to chat to has id equal to\n  // the id sent in after /chat/...\n  Meteor.call(\"getChat\", this.params._id, function (err, chatId) {\n    if (err) {\n      // error\n      console.log(\"ERROR: getChat, \" + err);\n    } else {\n      if (chatId) {\n        // looking good, save the id to the session\n        console.log(\"getChat: \" + chatId);\n        Session.set(\"chatId\", chatId);\n        route.render(\"chat_page\", {\n          to: \"main\"\n        });\n      } else {\n        console.log(\"ERROR: getChat, chatId is empty.\");\n      }\n    }\n  });\n});","ast":null,"map":{"version":3,"sources":["/shared/routes.js"],"names":[],"mappings":";AACA,MAAM,CAAC,SAAS,CAAC;AACf,gBAAc,EAAE,mBAAmB;CACpC,CAAC,CAAC;;;AAGH,MAAM,CAAC,KAAK,CAAC,GAAG,EAAE,YAAW;;AAE3B,MAAI,KAAK,GAAG,IAAI,CAAC;AACjB,OAAK,CAAC,MAAM,CAAC,QAAQ,EAAE;AACrB,MAAE,EAAE,QAAQ;GACb,CAAC,CAAC;;AAEH,MAAI,MAAM,CAAC,IAAI,EAAE,EAAE;AACjB,SAAK,CAAC,MAAM,CAAC,YAAY,EAAE;AACzB,QAAE,EAAE,MAAM;KACX,CAAC,CAAC;GACJ,MAAM;AACL,SAAK,CAAC,MAAM,CAAC,cAAc,EAAE;AAC3B,QAAE,EAAE,MAAM;KACX,CAAC,CAAC;GACJ;CACF,CAAC,CAAC;;;AAGH,MAAM,CAAC,KAAK,CAAC,YAAY,EAAE,YAAW;AACpC,MAAI,KAAK,GAAG,IAAI,CAAC;AACjB,OAAK,CAAC,MAAM,CAAC,QAAQ,EAAE;AACrB,MAAE,EAAE,QAAQ;GACb,CAAC,CAAC;;;AAGH,MAAI,MAAM,CAAC,IAAI,EAAE,EAAE;AACjB,SAAK,CAAC,MAAM,CAAC,WAAW,EAAE;AACxB,QAAE,EAAE,MAAM;KACX,CAAC,CAAC;GACJ,MAAM;AACL,SAAK,CAAC,MAAM,CAAC,cAAc,EAAE;AAC3B,QAAE,EAAE,MAAM;KACX,CAAC,CAAC;GACJ;;AAED,SAAO,CAAC,GAAG,CAAC,QAAQ,EAAE,EAAE,CAAC,CAAC;;;;AAI1B,QAAM,CAAC,IAAI,CAAC,SAAS,EAAE,IAAI,CAAC,MAAM,CAAC,GAAG,EAAE,UAAS,GAAG,EAAE,MAAM,EAAE;AAC5D,QAAI,GAAG,EAAE;;AACP,aAAO,CAAC,GAAG,CAAC,kBAAkB,GAAG,GAAG,CAAC,CAAC;KACvC,MAAM;AACL,UAAI,MAAM,EAAE;;AACV,eAAO,CAAC,GAAG,CAAC,WAAW,GAAG,MAAM,CAAC,CAAC;AAClC,eAAO,CAAC,GAAG,CAAC,QAAQ,EAAE,MAAM,CAAC,CAAC;AAC9B,aAAK,CAAC,MAAM,CAAC,WAAW,EAAE;AACxB,YAAE,EAAE,MAAM;SACX,CAAC,CAAC;OACJ,MAAM;AACL,eAAO,CAAC,GAAG,CAAC,kCAAkC,CAAC,CAAC;OACjD;KACF;GACF,CAAC,CAAC;CACJ,CAAC,CAAC","file":"/shared/routes.js.map","sourcesContent":["// set up the main template the the router will use to build pages\nRouter.configure({\n  layoutTemplate: 'ApplicationLayout'\n});\n\n// specify the top level route, the page users see when they arrive at the site\nRouter.route('/', function() {\n  //console.log(\"rendering root /\");\n  var route = this;\n  route.render(\"navbar\", {\n    to: \"header\"\n  });\n  // -- Check if user login --\n  if (Meteor.user()) {\n    route.render(\"lobby_page\", {\n      to: \"main\"\n    });\n  } else {\n    route.render(\"landing_page\", {\n      to: \"main\"\n    });\n  }\n});\n\n// specify a route that allows the current user to chat to another users\nRouter.route('/chat/:_id', function() {\n  var route = this;\n  route.render(\"navbar\", {\n    to: \"header\"\n  });\n\n  // -- Check if user login --\n  if (Meteor.user()) {\n    route.render(\"chat_page\", {\n      to: \"main\"\n    });\n  } else {\n    route.render(\"landing_page\", {\n      to: \"main\"\n    });\n  }\n\n  Session.set(\"chatId\", \"\"); // clear chatId\n\n  // the user they want to chat to has id equal to\n  // the id sent in after /chat/...\n  Meteor.call(\"getChat\", this.params._id, function(err, chatId) {\n    if (err) { // error\n      console.log(\"ERROR: getChat, \" + err);\n    } else {\n      if (chatId) { // looking good, save the id to the session\n        console.log(\"getChat: \" + chatId);\n        Session.set(\"chatId\", chatId);\n        route.render(\"chat_page\", {\n          to: \"main\"\n        });\n      } else {\n        console.log(\"ERROR: getChat, chatId is empty.\");\n      }\n    }\n  });\n});\n"]},"hash":"3598f634af3c38175464aef47e0b0d24bdf98fb6"}
