{"metadata":{"modules":{"imports":[],"exports":{"exported":[],"specifiers":[]}},"usedHelpers":[]},"ignored":false,"code":"/**\n * Meteor Client Chat Page Template JS\n */\nTemplate.chat_page.helpers({\n  myavatar: function () {\n    return Meteor.users.findOne({\n      _id: Meteor.userId()\n    }).profile.avatar;\n  },\n  otheruser: function () {\n    var chat = Chats.findOne({\n      _id: Session.get(\"chatId\")\n    });\n    if (chat.user1Id != Meteor.userId()) {\n      var otherUser = chat.user1Id;\n    } else {\n      var otherUser = chat.user2Id;\n    }\n    return Meteor.users.findOne({\n      _id: otherUser\n    });\n  },\n  messages: function () {\n    var chat = Chats.findOne({\n      _id: Session.get(\"chatId\")\n    });\n    return chat.messages;\n  },\n  other_user: function () {\n    return \"\";\n  }\n});\n\nTemplate.chat_page.events({\n  // this event fires when the user sends a message on the chat page\n  'submit .js-send-chat': function (event) {\n    // stop the form from triggering a page reload\n    event.preventDefault();\n\n    Meteor.call(\"saveMessage\", Session.get(\"chatId\"), function (err, chat) {});\n\n    if (chat) {\n      // ok - we have a chat to use\n      // reset the form\n      event.target.chat.value = \"\";\n      // put the messages array onto the chat object\n      chat.messages = msgs;\n      // update the chat object in the database.\n      Chats.update(chat._id, chat);\n    }\n  }\n});","ast":null,"map":{"version":3,"sources":["/client/scripts/chat_page.js"],"names":[],"mappings":";;;AAGA,QAAQ,CAAC,SAAS,CAAC,OAAO,CAAC;AACzB,UAAQ,EAAE,YAAW;AACnB,WAAO,MAAM,CAAC,KAAK,CAAC,OAAO,CAAC;AAC1B,SAAG,EAAE,MAAM,CAAC,MAAM,EAAE;KACrB,CAAC,CAAC,OAAO,CAAC,MAAM,CAAC;GACnB;AACD,WAAS,EAAE,YAAW;AACpB,QAAI,IAAI,GAAG,KAAK,CAAC,OAAO,CAAC;AACvB,SAAG,EAAE,OAAO,CAAC,GAAG,CAAC,QAAQ,CAAC;KAC3B,CAAC,CAAC;AACH,QAAI,IAAI,CAAC,OAAO,IAAI,MAAM,CAAC,MAAM,EAAE,EAAE;AACnC,UAAI,SAAS,GAAG,IAAI,CAAC,OAAO,CAAC;KAC9B,MAAM;AACL,UAAI,SAAS,GAAG,IAAI,CAAC,OAAO,CAAC;KAC9B;AACD,WAAO,MAAM,CAAC,KAAK,CAAC,OAAO,CAAC;AAC1B,SAAG,EAAE,SAAS;KACf,CAAC,CAAC;GACJ;AACD,UAAQ,EAAE,YAAW;AACnB,QAAI,IAAI,GAAG,KAAK,CAAC,OAAO,CAAC;AACvB,SAAG,EAAE,OAAO,CAAC,GAAG,CAAC,QAAQ,CAAC;KAC3B,CAAC,CAAC;AACH,WAAO,IAAI,CAAC,QAAQ,CAAC;GACtB;AACD,YAAU,EAAE,YAAW;AACrB,WAAO,EAAE,CAAA;GACV;CACF,CAAC,CAAA;;AAEF,QAAQ,CAAC,SAAS,CAAC,MAAM,CAAC;;AAExB,wBAAsB,EAAE,UAAS,KAAK,EAAE;;AAEtC,SAAK,CAAC,cAAc,EAAE,CAAC;;AAEvB,UAAM,CAAC,IAAI,CAAC,aAAa,EAAE,OAAO,CAAC,GAAG,CAAC,QAAQ,CAAC,EAAE,UAAS,GAAG,EAAE,IAAI,EAAE,EACrE,CAAC,CAAC;;AAEH,QAAI,IAAI,EAAE;;;AAER,WAAK,CAAC,MAAM,CAAC,IAAI,CAAC,KAAK,GAAG,EAAE,CAAC;;AAE7B,UAAI,CAAC,QAAQ,GAAG,IAAI,CAAC;;AAErB,WAAK,CAAC,MAAM,CAAC,IAAI,CAAC,GAAG,EAAE,IAAI,CAAC,CAAC;KAC9B;GACF;CACF,CAAC,CAAA","file":"/client/scripts/chat_page.js.map","sourcesContent":["/**\n * Meteor Client Chat Page Template JS\n */\nTemplate.chat_page.helpers({\n  myavatar: function() {\n    return Meteor.users.findOne({\n      _id: Meteor.userId()\n    }).profile.avatar;\n  },\n  otheruser: function() {\n    var chat = Chats.findOne({\n      _id: Session.get(\"chatId\")\n    });\n    if (chat.user1Id != Meteor.userId()) {\n      var otherUser = chat.user1Id;\n    } else {\n      var otherUser = chat.user2Id;\n    }\n    return Meteor.users.findOne({\n      _id: otherUser\n    });\n  },\n  messages: function() {\n    var chat = Chats.findOne({\n      _id: Session.get(\"chatId\")\n    });\n    return chat.messages;\n  },\n  other_user: function() {\n    return \"\"\n  },\n})\n\nTemplate.chat_page.events({\n  // this event fires when the user sends a message on the chat page\n  'submit .js-send-chat': function(event) {\n    // stop the form from triggering a page reload\n    event.preventDefault();\n\n    Meteor.call(\"saveMessage\", Session.get(\"chatId\"), function(err, chat) {\n    });\n\n    if (chat) { // ok - we have a chat to use\n      // reset the form\n      event.target.chat.value = \"\";\n      // put the messages array onto the chat object\n      chat.messages = msgs;\n      // update the chat object in the database.\n      Chats.update(chat._id, chat);\n    }\n  }\n})\n"]},"hash":"4026bf7698a1fe4caae92f899f844c7fe656eae0"}
