{"metadata":{"modules":{"imports":[],"exports":{"exported":[],"specifiers":[]}},"usedHelpers":[]},"ignored":false,"code":"/**\n * Meteor Methods JS\n */\nMeteor.methods({\n  // -- Return Chat Instance Id --\n  getUpdate: function (otherUserId) {\n    if (this.userId) {\n      // we have a user\n      // find a chat that has two users that match current user id\n      // and the requested user id\n      var chatId;\n      var loginUserId = this.userId;\n      var filter = {\n        $or: [{\n          user1Id: loginUserId,\n          user2Id: otherUserId\n        }, {\n          user2Id: loginUserId,\n          user1Id: otherUserId\n        }]\n      };\n      var chat = Chats.findOne(filter);\n      if (!chat) {\n        // no chat matching the filter - need to insert a new one\n        chatId = Chats.insert({\n          user1Id: loginUserId,\n          user2Id: otherUserId\n        });\n      } else {\n        // there is a chat going already - use that.\n        chatId = chat._id;\n      }\n      console.log(\"chatId \" + chatId);\n      return chatId;\n    }\n    // -- / this userId check --\n    return;\n  }\n});","ast":null,"map":{"version":3,"sources":["/server/methods.js"],"names":[],"mappings":";;;AAGA,MAAM,CAAC,OAAO,CAAC;;AAEb,WAAS,EAAE,UAAS,WAAW,EAAE;AAC/B,QAAI,IAAI,CAAC,MAAM,EAAE;;;;AAGf,UAAI,MAAM,CAAC;AACX,UAAI,WAAW,GAAG,IAAI,CAAC,MAAM,CAAC;AAC9B,UAAI,MAAM,GAAG;AACX,WAAG,EAAE,CAAC;AACJ,iBAAO,EAAE,WAAW;AACpB,iBAAO,EAAE,WAAW;SACrB,EAAE;AACD,iBAAO,EAAE,WAAW;AACpB,iBAAO,EAAE,WAAW;SACrB,CAAC;OACH,CAAC;AACF,UAAI,IAAI,GAAG,KAAK,CAAC,OAAO,CAAC,MAAM,CAAC,CAAC;AACjC,UAAI,CAAC,IAAI,EAAE;;AACT,cAAM,GAAG,KAAK,CAAC,MAAM,CAAC;AACpB,iBAAO,EAAE,WAAW;AACpB,iBAAO,EAAE,WAAW;SACrB,CAAC,CAAC;OACJ,MAAM;;AACL,cAAM,GAAG,IAAI,CAAC,GAAG,CAAC;OACnB;AACD,aAAO,CAAC,GAAG,CAAC,SAAS,GAAG,MAAM,CAAC,CAAC;AAChC,aAAO,MAAM,CAAC;KACf;;AAED,WAAO;GACR;CACF,CAAC,CAAC","file":"/server/methods.js.map","sourcesContent":["/**\n * Meteor Methods JS\n */\nMeteor.methods({\n  // -- Return Chat Instance Id --\n  getUpdate: function(otherUserId) {\r\n    if (this.userId) { // we have a user\n      // find a chat that has two users that match current user id\n      // and the requested user id\n      var chatId;\n      var loginUserId = this.userId;\n      var filter = {\n        $or: [{\n          user1Id: loginUserId,\n          user2Id: otherUserId\n        }, {\n          user2Id: loginUserId,\n          user1Id: otherUserId\n        }]\n      };\n      var chat = Chats.findOne(filter);\n      if (!chat) { // no chat matching the filter - need to insert a new one\n        chatId = Chats.insert({\n          user1Id: loginUserId,\r\n          user2Id: otherUserId\n        });\n      } else { // there is a chat going already - use that.\n        chatId = chat._id;\n      }\n      console.log(\"chatId \" + chatId);\n      return chatId;\n    }\r\n    // -- / this userId check --\r\n    return;\n  },\n});\r\n"]},"hash":"4431eb1cc95523bb9a26a051967020f2ac2f6582"}
