{"metadata":{"modules":{"imports":[],"exports":{"exported":[],"specifiers":[]}},"usedHelpers":[]},"ignored":false,"code":"/**\n * Meteor Client Available User Template JS\n */\nTemplate.available_user.helpers({\n  getUsername: function (userId) {\n    user = Meteor.users.findOne({\n      _id: userId\n    });\n    return user.profile.username;\n  },\n  loginUser: function (userId) {\n    if (userId == Meteor.userId()) {\n      return true;\n    } else {\n      return false;\n    }\n  }\n});","ast":null,"map":{"version":3,"sources":["/client/scripts/available_user.js"],"names":[],"mappings":";;;AAGA,QAAQ,CAAC,cAAc,CAAC,OAAO,CAAC;AAC9B,aAAW,EAAE,UAAS,MAAM,EAAE;AAC5B,QAAI,GAAG,MAAM,CAAC,KAAK,CAAC,OAAO,CAAC;AAC1B,SAAG,EAAE,MAAM;KACZ,CAAC,CAAC;AACH,WAAO,IAAI,CAAC,OAAO,CAAC,QAAQ,CAAC;GAC9B;AACD,WAAS,EAAE,UAAS,MAAM,EAAE;AAC1B,QAAI,MAAM,IAAI,MAAM,CAAC,MAAM,EAAE,EAAE;AAC7B,aAAO,IAAI,CAAC;KACb,MAAM;AACL,aAAO,KAAK,CAAC;KACd;GACF;CACF,CAAC,CAAA","file":"/client/scripts/available_user.js.map","sourcesContent":["/**\n * Meteor Client Available User Template JS\n */\nTemplate.available_user.helpers({\n  getUsername: function(userId) {\n    user = Meteor.users.findOne({\n      _id: userId\n    });\n    return user.profile.username;\n  },\n  loginUser: function(userId) {\n    if (userId == Meteor.userId()) {\n      return true;\n    } else {\n      return false;\n    }\n  }\n})\n"]},"hash":"043bae5837d20ca1f5e2c6e09fa938623e9591aa"}
