{"metadata":{"modules":{"imports":[],"exports":{"exported":[],"specifiers":[]}},"usedHelpers":[]},"ignored":false,"code":"/**\n * Meteor Client Available User List Template JS\n */\nTemplate.available_user_list.helpers({\n  loginUser: function () {\n    return Meteor.users.findOne({ _id: Meteor.userId() });\n  },\n  users: function () {\n    return Meteor.users.find();\n  }\n});","ast":null,"map":{"version":3,"sources":["/client/scripts/available_user_list.js"],"names":[],"mappings":";;;AAGA,QAAQ,CAAC,mBAAmB,CAAC,OAAO,CAAC;AACnC,WAAS,EAAE,YAAW;AAClB,WAAO,MAAM,CAAC,KAAK,CAAC,OAAO,CAAC,EAAC,GAAG,EAAE,MAAM,CAAC,MAAM,EAAE,EAAC,CAAC,CAAC;GACvD;AACD,OAAK,EAAE,YAAW;AAChB,WAAO,MAAM,CAAC,KAAK,CAAC,IAAI,EAAE,CAAC;GAC5B;CACF,CAAC,CAAA","file":"/client/scripts/available_user_list.js.map","sourcesContent":["/**\n * Meteor Client Available User List Template JS\n */\nTemplate.available_user_list.helpers({\n  loginUser: function() {\n      return Meteor.users.findOne({_id: Meteor.userId()});\n  },\n  users: function() {\n    return Meteor.users.find();\n  }\n})\n"]},"hash":"28b92eb086e28e66144f5822df8d12291a8a2538"}
