{"metadata":{"modules":{"imports":[],"exports":{"exported":[],"specifiers":[]}},"usedHelpers":[]},"ignored":false,"code":"/**\n * Meteor Client Available User List Template JS\n */\nTemplate.available_user_list.helpers({\n  loginUser: function (userId) {\n    if (userId == Meteor.userId()) {\n      return true;\n    } else {\n      return false;\n    }\n  },\n  users: function () {\n    return Meteor.users.find();\n  }\n});","ast":null,"map":{"version":3,"sources":["/client/scripts/available_user_list.js"],"names":[],"mappings":";;;AAGA,QAAQ,CAAC,mBAAmB,CAAC,OAAO,CAAC;AACnC,WAAS,EAAE,UAAS,MAAM,EAAE;AAC1B,QAAI,MAAM,IAAI,MAAM,CAAC,MAAM,EAAE,EAAE;AAC7B,aAAO,IAAI,CAAC;KACb,MAAM;AACL,aAAO,KAAK,CAAC;KACd;GACF;AACD,OAAK,EAAE,YAAW;AAChB,WAAO,MAAM,CAAC,KAAK,CAAC,IAAI,EAAE,CAAC;GAC5B;CACF,CAAC,CAAA","file":"/client/scripts/available_user_list.js.map","sourcesContent":["/**\n * Meteor Client Available User List Template JS\n */\nTemplate.available_user_list.helpers({\n  loginUser: function(userId) {\n    if (userId == Meteor.userId()) {\n      return true;\n    } else {\n      return false;\n    }\n  },\n  users: function() {\n    return Meteor.users.find();\n  }\n})\n"]},"hash":"907f9640cf0f0ef73eab9e03697d48ee8527a15d"}
