{"metadata":{"modules":{"imports":[],"exports":{"exported":[],"specifiers":[]}},"usedHelpers":[]},"ignored":false,"code":"/**\n * Meteor Client Available User List Template JS\n */\nTemplate.available_user_list.helpers({\n  loginUser: function (userId) {\n    if (userId == Meteor.userId()) {\n      return Meteor.users.find();\n    } else {\n      return;\n    }\n  },\n  users: function () {\n    return Meteor.users.find();\n  }\n});","ast":null,"map":{"version":3,"sources":["/client/scripts/available_user_list.js"],"names":[],"mappings":";;;AAGA,QAAQ,CAAC,mBAAmB,CAAC,OAAO,CAAC;AACnC,WAAS,EAAE,UAAS,MAAM,EAAE;AAC1B,QAAI,MAAM,IAAI,MAAM,CAAC,MAAM,EAAE,EAAE;AAC7B,aAAO,MAAM,CAAC,KAAK,CAAC,IAAI,EAAE,CAAC;KAC5B,MAAM;AACL,aAAO;KACR;GACF;AACD,OAAK,EAAE,YAAW;AAChB,WAAO,MAAM,CAAC,KAAK,CAAC,IAAI,EAAE,CAAC;GAC5B;CACF,CAAC,CAAA","file":"/client/scripts/available_user_list.js.map","sourcesContent":["/**\n * Meteor Client Available User List Template JS\n */\nTemplate.available_user_list.helpers({\n  loginUser: function(userId) {\n    if (userId == Meteor.userId()) {\n      return Meteor.users.find();\n    } else {\n      return;\n    }\n  },\n  users: function() {\n    return Meteor.users.find();\n  }\n})\n"]},"hash":"ff24dfd766de10bc93b39ba0b389215c25660e73"}
