{"metadata":{"modules":{"imports":[],"exports":{"exported":[],"specifiers":[]}},"usedHelpers":[]},"ignored":false,"code":"/////////\n/// EVENTS\n////////\nTemplate.emoji_modal.events({\n  \"click .js-emoji-done\": function (event) {\n    document.getElementById(\"chat-textarea\").focus();\n  }\n});","ast":null,"map":{"version":3,"sources":["/client/scripts/emoji_modal.js"],"names":[],"mappings":";;;AAGA,QAAQ,CAAC,WAAW,CAAC,MAAM,CAAC;AAC1B,wBAAsB,EAAE,UAAS,KAAK,EAAE;AACtC,YAAQ,CAAC,cAAc,CAAC,eAAe,CAAC,CAAC,KAAK,EAAE,CAAC;GAClD;CACF,CAAC,CAAA","file":"/client/scripts/emoji_modal.js.map","sourcesContent":["/////////\n/// EVENTS\n////////\nTemplate.emoji_modal.events({\n  \"click .js-emoji-done\": function(event) {\n    document.getElementById(\"chat-textarea\").focus();\n  },\n})\n"]},"hash":"114221cc800ee19c1b7012b21336f8cf3b59974d"}
