{"metadata":{"modules":{"imports":[],"exports":{"exported":[],"specifiers":[]}},"usedHelpers":[]},"ignored":false,"code":"/////////\n/// EVENTS\n////////\nTemplate.emoji_modal.events({\n  \"click .js-emoji-done\": function (event) {\n    document.getElementById('mytextarea').focus();\n  }\n});","ast":null,"map":{"version":3,"sources":["/client/scripts/emoji_modal.js"],"names":[],"mappings":";;;AAGA,QAAQ,CAAC,WAAW,CAAC,MAAM,CAAC;AAC1B,wBAAsB,EAAE,UAAS,KAAK,EAAE;AACtC,YAAQ,CAAC,cAAc,CAAC,YAAY,CAAC,CAAC,KAAK,EAAE,CAAC;GAC/C;CACF,CAAC,CAAA","file":"/client/scripts/emoji_modal.js.map","sourcesContent":["/////////\n/// EVENTS\n////////\nTemplate.emoji_modal.events({\n  \"click .js-emoji-done\": function(event) {\n    document.getElementById('mytextarea').focus();\n  },\n})\n"]},"hash":"2a0ff1a9b9a8e078524f758bf230aed320b67dcf"}
