{"metadata":{"modules":{"imports":[],"exports":{"exported":[],"specifiers":[]}},"usedHelpers":[]},"ignored":false,"code":"/**\n * Meteor Client Available User Template JS\n */\nTemplate.available_user.helpers({\n  getUsername: function (userId) {\n    user = Meteor.users.findOne({\n      _id: userId\n    });\n    return user.profile.username;\n  }\n});\n\n/////////\n/// EVENTS\n////////\nTemplate.chat_page.events({\n  \"keypress .js-textarea\": function (event) {}\n});","ast":null,"map":{"version":3,"sources":["/client/scripts/available_user.js"],"names":[],"mappings":";;;AAGA,QAAQ,CAAC,cAAc,CAAC,OAAO,CAAC;AAC9B,aAAW,EAAE,UAAS,MAAM,EAAE;AAC5B,QAAI,GAAG,MAAM,CAAC,KAAK,CAAC,OAAO,CAAC;AAC1B,SAAG,EAAE,MAAM;KACZ,CAAC,CAAC;AACH,WAAO,IAAI,CAAC,OAAO,CAAC,QAAQ,CAAC;GAC9B;CACF,CAAC,CAAA;;;;;AAKF,QAAQ,CAAC,SAAS,CAAC,MAAM,CAAC;AACxB,yBAAuB,EAAE,UAAS,KAAK,EAAE,EAAE;CAC5C,CAAC,CAAA","file":"/client/scripts/available_user.js.map","sourcesContent":["/**\n * Meteor Client Available User Template JS\n */\nTemplate.available_user.helpers({\n  getUsername: function(userId) {\n    user = Meteor.users.findOne({\n      _id: userId\n    });\n    return user.profile.username;\n  },\n})\n\n/////////\n/// EVENTS\n////////\nTemplate.chat_page.events({\n  \"keypress .js-textarea\": function(event) {},\n})\n"]},"hash":"34c645b8d9501e08d54c636c93a73968a4406188"}
