{"metadata":{"modules":{"imports":[],"exports":{"exported":[],"specifiers":[]}},"usedHelpers":[]},"ignored":false,"code":"/**\n * Meteor Client Available User Template JS\n */\nTemplate.available_user.helpers({\n  getUsername: function (userId) {\n    user = Meteor.users.findOne({\n      _id: userId\n    });\n    return user.profile.username;\n  }\n});\n\n/////////\n/// EVENTS\n////////\nTemplate.available_user.events({\n  \"click .js-user-selected\": function (event) {\n    console.log(\"ok\");\n    document.getElementById(\"chat-textarea\").focus();\n  }\n});","ast":null,"map":{"version":3,"sources":["/client/scripts/available_user.js"],"names":[],"mappings":";;;AAGA,QAAQ,CAAC,cAAc,CAAC,OAAO,CAAC;AAC9B,aAAW,EAAE,UAAS,MAAM,EAAE;AAC5B,QAAI,GAAG,MAAM,CAAC,KAAK,CAAC,OAAO,CAAC;AAC1B,SAAG,EAAE,MAAM;KACZ,CAAC,CAAC;AACH,WAAO,IAAI,CAAC,OAAO,CAAC,QAAQ,CAAC;GAC9B;CACF,CAAC,CAAA;;;;;AAKF,QAAQ,CAAC,cAAc,CAAC,MAAM,CAAC;AAC7B,2BAAyB,EAAE,UAAS,KAAK,EAAE;AACzC,WAAO,CAAC,GAAG,CAAC,IAAI,CAAC,CAAC;AAClB,YAAQ,CAAC,cAAc,CAAC,eAAe,CAAC,CAAC,KAAK,EAAE,CAAC;GAClD;CACF,CAAC,CAAA","file":"/client/scripts/available_user.js.map","sourcesContent":["/**\n * Meteor Client Available User Template JS\n */\nTemplate.available_user.helpers({\n  getUsername: function(userId) {\n    user = Meteor.users.findOne({\n      _id: userId\n    });\n    return user.profile.username;\n  },\n})\n\n/////////\n/// EVENTS\n////////\nTemplate.available_user.events({\n  \"click .js-user-selected\": function(event) {\n    console.log(\"ok\");\n    document.getElementById(\"chat-textarea\").focus();\n  },\n})\n"]},"hash":"de6dbeefffa8ea174b2c564b2e532d8839cbb811"}
