{"metadata":{"modules":{"imports":[],"exports":{"exported":[],"specifiers":[]}},"usedHelpers":[]},"ignored":false,"code":"/**\n * Meteor Client JS\n */\nMeteor.subscribe('usersData');\nMeteor.subscribe('chatDialog');\n\n/// accounts config\nAccounts.ui.config({\n  passwordSignupFields: \"USERNAME_AND_EMAIL\"\n});\n///","ast":null,"map":{"version":3,"sources":["/client/scripts/main.js"],"names":[],"mappings":";;;AAGA,MAAM,CAAC,SAAS,CAAC,WAAW,CAAC,CAAC;AAC9B,MAAM,CAAC,SAAS,CAAC,YAAY,CAAC,CAAC;;;AAG/B,QAAQ,CAAC,EAAE,CAAC,MAAM,CAAC;AACjB,sBAAoB,EAAE,oBAAoB;CAC3C,CAAC,CAAC","file":"/client/scripts/main.js.map","sourcesContent":["/**\n * Meteor Client JS\n */\nMeteor.subscribe('usersData');\nMeteor.subscribe('chatDialog');\n\n/// accounts config\nAccounts.ui.config({\n  passwordSignupFields: \"USERNAME_AND_EMAIL\"\n});\n///\n"]},"hash":"48824d6316d9f29de4676f7927cd811b525a685e"}
