{"metadata":{"modules":{"imports":[],"exports":{"exported":[],"specifiers":[]}},"usedHelpers":[]},"ignored":false,"code":"/**\n * Meteor Mongo Collection\n */\nChats = new Mongo.Collection(\"chats\");","ast":null,"map":{"version":3,"sources":["/lib/collection.js"],"names":[],"mappings":";;;AAGA,KAAK,GAAG,IAAI,KAAK,CAAC,UAAU,CAAC,OAAO,CAAC,CAAC","file":"/lib/collection.js.map","sourcesContent":["/**\n * Meteor Mongo Collection\n */\nChats = new Mongo.Collection(\"chats\");\n"]},"hash":"9af617d21cdbfc1d59f4d02af56bd476977714a9"}
