{"metadata":{"modules":{"imports":[],"exports":{"exported":[],"specifiers":[]}},"usedHelpers":[]},"ignored":false,"code":"/**\n * Meteor Client JS\n */\nMeteor.subscribe('usersData', function () {\n  return Meteor.users.find().fetch();\n});\nMeteor.subscribe('chatDialog', function () {\n  return Chats.find().fetch();\n});","ast":null,"map":{"version":3,"sources":["/client/scripts/main.js"],"names":[],"mappings":";;;AAGA,MAAM,CAAC,SAAS,CAAC,WAAW,EAAE,YAAW;AACvC,SAAO,MAAM,CAAC,KAAK,CAAC,IAAI,EAAE,CAAC,KAAK,EAAE,CAAC;CACpC,CAAC,CAAC;AACH,MAAM,CAAC,SAAS,CAAC,YAAY,EAAE,YAAW;AACxC,SAAO,KAAK,CAAC,IAAI,EAAE,CAAC,KAAK,EAAE,CAAC;CAC7B,CAAC,CAAC","file":"/client/scripts/main.js.map","sourcesContent":["/**\n * Meteor Client JS\n */\nMeteor.subscribe('usersData', function() {\n  return Meteor.users.find().fetch();\n});\nMeteor.subscribe('chatDialog', function() {\n  return Chats.find().fetch();\n});\n"]},"hash":"8084a1c641a9d01469aa320562eed29a64d85a7b"}
