{"metadata":{"modules":{"imports":[],"exports":{"exported":[],"specifiers":[]}},"usedHelpers":[]},"ignored":false,"code":"/**\n * Meteor Client Website Form Template JS\n */\n\n// -- Events --\nTemplate.websiteform.events({\n  \"click .js-website-modal\": function (event) {\n    $(\"#addModal\").modal(\"show\");\n  },\n  \"submit .js-website-save\": function (event) {\n\n    // here is an example of how to get the url out of the form:\n    var url = event.target.url.value;\n    console.log(\"The url they entered is: \" + url);\n\n    //  put your website saving code in here!\n\n    return false; // stop the form submit from reloading the page\n  }\n});","ast":null,"map":{"version":3,"sources":["/client/scripts/website_form.js"],"names":[],"mappings":";;;;;AAKA,QAAQ,CAAC,WAAW,CAAC,MAAM,CAAC;AAC1B,2BAAyB,EAAE,UAAS,KAAK,EAAE;AACzC,KAAC,CAAC,WAAW,CAAC,CAAC,KAAK,CAAC,MAAM,CAAC,CAAC;GAC9B;AACD,2BAAyB,EAAE,UAAS,KAAK,EAAE;;;AAGzC,QAAI,GAAG,GAAG,KAAK,CAAC,MAAM,CAAC,GAAG,CAAC,KAAK,CAAC;AACjC,WAAO,CAAC,GAAG,CAAC,2BAA2B,GAAG,GAAG,CAAC,CAAC;;;;AAI/C,WAAO,KAAK,CAAC;GAEd;CACF,CAAC,CAAC","file":"/client/scripts/website_form.js.map","sourcesContent":["/**\n * Meteor Client Website Form Template JS\n */\n\n// -- Events --\nTemplate.websiteform.events({\n  \"click .js-website-modal\": function(event) {\n    $(\"#addModal\").modal(\"show\");\n  },\n  \"submit .js-website-save\": function(event) {\n\n    // here is an example of how to get the url out of the form:\n    var url = event.target.url.value;\n    console.log(\"The url they entered is: \" + url);\n\n    //  put your website saving code in here!\n\n    return false; // stop the form submit from reloading the page\n\n  }\n});\n"]},"hash":"2397259e6467db43ce2ce19e613cd5cc5d6b6b2a"}
