{"metadata":{"modules":{"imports":[],"exports":{"exported":[],"specifiers":[]}},"usedHelpers":[]},"ignored":false,"code":"/**\n * Meteor Client JS\n */\nMeteor.subscribe('usersData');\nMeteor.subscribe('websitesList');\n\n/// accounts config\nAccounts.ui.config({\n  passwordSignupFields: \"USERNAME_AND_EMAIL\"\n});\n///","ast":null,"map":{"version":3,"sources":["/client/scripts/main.js"],"names":[],"mappings":";;;AAGA,MAAM,CAAC,SAAS,CAAC,WAAW,CAAC,CAAC;AAC9B,MAAM,CAAC,SAAS,CAAC,cAAc,CAAC,CAAC;;;AAGjC,QAAQ,CAAC,EAAE,CAAC,MAAM,CAAC;AACjB,sBAAoB,EAAE,oBAAoB;CAC3C,CAAC,CAAC","file":"/client/scripts/main.js.map","sourcesContent":["/**\n * Meteor Client JS\n */\nMeteor.subscribe('usersData');\nMeteor.subscribe('websitesList');\n\n/// accounts config\nAccounts.ui.config({\n  passwordSignupFields: \"USERNAME_AND_EMAIL\"\n});\n///\n"]},"hash":"2ba14fc2087c6817c76283c9d285e0f0ad0fe5a3"}
