{"metadata":{"modules":{"imports":[],"exports":{"exported":[],"specifiers":[]}},"usedHelpers":[]},"ignored":false,"code":"// -- helper function for websites lists --\nTemplate.website_list.helpers({\n  websites: function () {\n    return Websites.find({});\n  }\n});","ast":null,"map":{"version":3,"sources":["/client/scripts/website_list.js"],"names":[],"mappings":";AACA,QAAQ,CAAC,YAAY,CAAC,OAAO,CAAC;AAC5B,UAAQ,EAAE,YAAW;AACnB,WAAO,QAAQ,CAAC,IAAI,CAAC,EAAE,CAAC,CAAC;GAC1B;CACF,CAAC,CAAC","file":"/client/scripts/website_list.js.map","sourcesContent":["// -- helper function for websites lists --\nTemplate.website_list.helpers({\n  websites: function() {\n    return Websites.find({});\n  },\n});\n"]},"hash":"5ea5c5a97ead2edbcfdf9b52eeff4d555c8fbee1"}
