{"metadata":{"modules":{"imports":[],"exports":{"exported":[],"specifiers":[]}},"usedHelpers":[]},"ignored":false,"code":"// -- helper function for user login --\nTemplate.contentpage.helpers({\n  loginUser: function () {\n    return Meteor.users.findOne({\n      _id: Meteor.userId()\n    });\n  }\n});","ast":null,"map":{"version":3,"sources":["/client/scripts/contentpage.js"],"names":[],"mappings":";AACA,QAAQ,CAAC,WAAW,CAAC,OAAO,CAAC;AAC3B,WAAS,EAAE,YAAW;AACpB,WAAO,MAAM,CAAC,KAAK,CAAC,OAAO,CAAC;AAC1B,SAAG,EAAE,MAAM,CAAC,MAAM,EAAE;KACrB,CAAC,CAAC;GACJ;CACF,CAAC,CAAC","file":"/client/scripts/contentpage.js.map","sourcesContent":["// -- helper function for user login --\nTemplate.contentpage.helpers({\n  loginUser: function() {\n    return Meteor.users.findOne({\n      _id: Meteor.userId()\n    });\n  },\n});\n"]},"hash":"9c991573ee7a30b9832d36f3237eb1f4d2f5e760"}
