{"metadata":{"modules":{"imports":[],"exports":{"exported":[],"specifiers":[]}},"usedHelpers":[]},"ignored":false,"code":"// -- helper function for websites lists --\nTemplate.websitelist.helpers({\n  websites: function () {\n    return Websites.find({});\n  }\n});","ast":null,"map":{"version":3,"sources":["/client/scripts/website_list.js"],"names":[],"mappings":";AACA,QAAQ,CAAC,WAAW,CAAC,OAAO,CAAC;AAC3B,UAAQ,EAAE,YAAW;AACnB,WAAO,QAAQ,CAAC,IAAI,CAAC,EAAE,CAAC,CAAC;GAC1B;CACF,CAAC,CAAC","file":"/client/scripts/website_list.js.map","sourcesContent":["// -- helper function for websites lists --\nTemplate.websitelist.helpers({\n  websites: function() {\n    return Websites.find({});\n  },\n});\n"]},"hash":"9d02a42dff2d9cf441b5eceeb9528ea423eab452"}
