{"metadata":{"modules":{"imports":[],"exports":{"exported":[],"specifiers":[]}},"usedHelpers":[]},"ignored":false,"code":"/**\r\n* -- Meteor DB colelctions --\r\n*/\nWebsites = new Mongo.Collection(\"websites\");","ast":null,"map":{"version":3,"sources":["/lib/collections.js"],"names":[],"mappings":";;;AAGA,QAAQ,GAAG,IAAI,KAAK,CAAC,UAAU,CAAC,UAAU,CAAC,CAAC","file":"/lib/collections.js.map","sourcesContent":["/**\r\n* -- Meteor DB colelctions --\r\n*/\r\nWebsites = new Mongo.Collection(\"websites\");\r\n"]},"hash":"c21ee02f4b167ba3cf2648dad75cae1d85caf608"}
