{"metadata":{"modules":{"imports":[],"exports":{"exported":[],"specifiers":[]}},"usedHelpers":[]},"ignored":false,"code":"// We use cryptographically strong PRNGs (crypto.getRandomBytes() on the server,\n// window.crypto.getRandomValues() in the browser) when available. If these\n// PRNGs fail, we fall back to the Alea PRNG, which is not cryptographically\n// strong, and we seed it with various sources such as the date, Math.random,\n// and window size on the client.  When using crypto.getRandomValues(), our\n// primitive is hexString(), from which we construct fraction(). When using\n// window.crypto.getRandomValues() or alea, the primitive is fraction and we use\n// that to construct hex string.\n\nif (Meteor.isServer) var nodeCrypto = Npm.require('crypto');\n\n// see http://baagoe.org/en/wiki/Better_random_numbers_for_javascript\n// for a full discussion and Alea implementation.\nvar Alea = function () {\n  function Mash() {\n    var n = 0xefc8249d;\n\n    var mash = function (data) {\n      data = data.toString();\n      for (var i = 0; i < data.length; i++) {\n        n += data.charCodeAt(i);\n        var h = 0.02519603282416938 * n;\n        n = h >>> 0;\n        h -= n;\n        h *= n;\n        n = h >>> 0;\n        h -= n;\n        n += h * 0x100000000; // 2^32\n      }\n      return (n >>> 0) * 2.3283064365386963e-10; // 2^-32\n    };\n\n    mash.version = 'Mash 0.9';\n    return mash;\n  }\n\n  return (function (args) {\n    var s0 = 0;\n    var s1 = 0;\n    var s2 = 0;\n    var c = 1;\n\n    if (args.length == 0) {\n      args = [+new Date()];\n    }\n    var mash = Mash();\n    s0 = mash(' ');\n    s1 = mash(' ');\n    s2 = mash(' ');\n\n    for (var i = 0; i < args.length; i++) {\n      s0 -= mash(args[i]);\n      if (s0 < 0) {\n        s0 += 1;\n      }\n      s1 -= mash(args[i]);\n      if (s1 < 0) {\n        s1 += 1;\n      }\n      s2 -= mash(args[i]);\n      if (s2 < 0) {\n        s2 += 1;\n      }\n    }\n    mash = null;\n\n    var random = function () {\n      var t = 2091639 * s0 + c * 2.3283064365386963e-10; // 2^-32\n      s0 = s1;\n      s1 = s2;\n      return s2 = t - (c = t | 0);\n    };\n    random.uint32 = function () {\n      return random() * 0x100000000; // 2^32\n    };\n    random.fract53 = function () {\n      return random() + (random() * 0x200000 | 0) * 1.1102230246251565e-16; // 2^-53\n    };\n    random.version = 'Alea 0.9';\n    random.args = args;\n    return random;\n  })(Array.prototype.slice.call(arguments));\n};\n\nvar UNMISTAKABLE_CHARS = \"23456789ABCDEFGHJKLMNPQRSTWXYZabcdefghijkmnopqrstuvwxyz\";\nvar BASE64_CHARS = \"abcdefghijklmnopqrstuvwxyzABCDEFGHIJKLMNOPQRSTUVWXYZ\" + \"0123456789-_\";\n\n// `type` is one of `RandomGenerator.Type` as defined below.\n//\n// options:\n// - seeds: (required, only for RandomGenerator.Type.ALEA) an array\n//   whose items will be `toString`ed and used as the seed to the Alea\n//   algorithm\nvar RandomGenerator = function (type, options) {\n  var self = this;\n  self.type = type;\n\n  if (!RandomGenerator.Type[type]) {\n    throw new Error(\"Unknown random generator type: \" + type);\n  }\n\n  if (type === RandomGenerator.Type.ALEA) {\n    if (!options.seeds) {\n      throw new Error(\"No seeds were provided for Alea PRNG\");\n    }\n    self.alea = Alea.apply(null, options.seeds);\n  }\n};\n\n// Types of PRNGs supported by the `RandomGenerator` class\nRandomGenerator.Type = {\n  // Use Node's built-in `crypto.getRandomBytes` (cryptographically\n  // secure but not seedable, runs only on the server). Reverts to\n  // `crypto.getPseudoRandomBytes` in the extremely uncommon case that\n  // there isn't enough entropy yet\n  NODE_CRYPTO: \"NODE_CRYPTO\",\n\n  // Use non-IE browser's built-in `window.crypto.getRandomValues`\n  // (cryptographically secure but not seedable, runs only in the\n  // browser).\n  BROWSER_CRYPTO: \"BROWSER_CRYPTO\",\n\n  // Use the *fast*, seedaable and not cryptographically secure\n  // Alea algorithm\n  ALEA: \"ALEA\"\n};\n\nRandomGenerator.prototype.fraction = function () {\n  var self = this;\n  if (self.type === RandomGenerator.Type.ALEA) {\n    return self.alea();\n  } else if (self.type === RandomGenerator.Type.NODE_CRYPTO) {\n    var numerator = parseInt(self.hexString(8), 16);\n    return numerator * 2.3283064365386963e-10; // 2^-32\n  } else if (self.type === RandomGenerator.Type.BROWSER_CRYPTO) {\n      var array = new Uint32Array(1);\n      window.crypto.getRandomValues(array);\n      return array[0] * 2.3283064365386963e-10; // 2^-32\n    } else {\n        throw new Error('Unknown random generator type: ' + self.type);\n      }\n};\n\nRandomGenerator.prototype.hexString = function (digits) {\n  var self = this;\n  if (self.type === RandomGenerator.Type.NODE_CRYPTO) {\n    var numBytes = Math.ceil(digits / 2);\n    var bytes;\n    // Try to get cryptographically strong randomness. Fall back to\n    // non-cryptographically strong if not available.\n    try {\n      bytes = nodeCrypto.randomBytes(numBytes);\n    } catch (e) {\n      // XXX should re-throw any error except insufficient entropy\n      bytes = nodeCrypto.pseudoRandomBytes(numBytes);\n    }\n    var result = bytes.toString(\"hex\");\n    // If the number of digits is odd, we'll have generated an extra 4 bits\n    // of randomness, so we need to trim the last digit.\n    return result.substring(0, digits);\n  } else {\n    return this._randomString(digits, \"0123456789abcdef\");\n  }\n};\n\nRandomGenerator.prototype._randomString = function (charsCount, alphabet) {\n  var self = this;\n  var digits = [];\n  for (var i = 0; i < charsCount; i++) {\n    digits[i] = self.choice(alphabet);\n  }\n  return digits.join(\"\");\n};\n\nRandomGenerator.prototype.id = function (charsCount) {\n  var self = this;\n  // 17 characters is around 96 bits of entropy, which is the amount of\n  // state in the Alea PRNG.\n  if (charsCount === undefined) charsCount = 17;\n\n  return self._randomString(charsCount, UNMISTAKABLE_CHARS);\n};\n\nRandomGenerator.prototype.secret = function (charsCount) {\n  var self = this;\n  // Default to 256 bits of entropy, or 43 characters at 6 bits per\n  // character.\n  if (charsCount === undefined) charsCount = 43;\n  return self._randomString(charsCount, BASE64_CHARS);\n};\n\nRandomGenerator.prototype.choice = function (arrayOrString) {\n  var index = Math.floor(this.fraction() * arrayOrString.length);\n  if (typeof arrayOrString === \"string\") return arrayOrString.substr(index, 1);else return arrayOrString[index];\n};\n\n// instantiate RNG.  Heuristically collect entropy from various sources when a\n// cryptographic PRNG isn't available.\n\n// client sources\nvar height = typeof window !== 'undefined' && window.innerHeight || typeof document !== 'undefined' && document.documentElement && document.documentElement.clientHeight || typeof document !== 'undefined' && document.body && document.body.clientHeight || 1;\n\nvar width = typeof window !== 'undefined' && window.innerWidth || typeof document !== 'undefined' && document.documentElement && document.documentElement.clientWidth || typeof document !== 'undefined' && document.body && document.body.clientWidth || 1;\n\nvar agent = typeof navigator !== 'undefined' && navigator.userAgent || \"\";\n\nfunction createAleaGeneratorWithGeneratedSeed() {\n  return new RandomGenerator(RandomGenerator.Type.ALEA, { seeds: [new Date(), height, width, agent, Math.random()] });\n};\n\nif (Meteor.isServer) {\n  Random = new RandomGenerator(RandomGenerator.Type.NODE_CRYPTO);\n} else {\n  if (typeof window !== \"undefined\" && window.crypto && window.crypto.getRandomValues) {\n    Random = new RandomGenerator(RandomGenerator.Type.BROWSER_CRYPTO);\n  } else {\n    // On IE 10 and below, there's no browser crypto API\n    // available. Fall back to Alea\n    //\n    // XXX looks like at the moment, we use Alea in IE 11 as well,\n    // which has `window.msCrypto` instead of `window.crypto`.\n    Random = createAleaGeneratorWithGeneratedSeed();\n  }\n}\n\n// Create a non-cryptographically secure PRNG with a given seed (using\n// the Alea algorithm)\nRandom.createWithSeeds = function () {\n  for (var _len = arguments.length, seeds = Array(_len), _key = 0; _key < _len; _key++) {\n    seeds[_key] = arguments[_key];\n  }\n\n  if (seeds.length === 0) {\n    throw new Error(\"No seeds were provided\");\n  }\n  return new RandomGenerator(RandomGenerator.Type.ALEA, { seeds: seeds });\n};\n\n// Used like `Random`, but much faster and not cryptographically\n// secure\nRandom.insecure = createAleaGeneratorWithGeneratedSeed();","ast":null,"map":{"version":3,"sources":["/random.js"],"names":[],"mappings":";;;;;;;;;AASA,IAAI,MAAM,CAAC,QAAQ,EACjB,IAAI,UAAU,GAAG,GAAG,CAAC,OAAO,CAAC,QAAQ,CAAC,CAAC;;;;AAIzC,IAAI,IAAI,GAAG,YAAY;AACrB,WAAS,IAAI,GAAG;AACd,QAAI,CAAC,GAAG,UAAU,CAAC;;AAEnB,QAAI,IAAI,GAAG,UAAS,IAAI,EAAE;AACxB,UAAI,GAAG,IAAI,CAAC,QAAQ,EAAE,CAAC;AACvB,WAAK,IAAI,CAAC,GAAG,CAAC,EAAE,CAAC,GAAG,IAAI,CAAC,MAAM,EAAE,CAAC,EAAE,EAAE;AACpC,SAAC,IAAI,IAAI,CAAC,UAAU,CAAC,CAAC,CAAC,CAAC;AACxB,YAAI,CAAC,GAAG,mBAAmB,GAAG,CAAC,CAAC;AAChC,SAAC,GAAG,CAAC,KAAK,CAAC,CAAC;AACZ,SAAC,IAAI,CAAC,CAAC;AACP,SAAC,IAAI,CAAC,CAAC;AACP,SAAC,GAAG,CAAC,KAAK,CAAC,CAAC;AACZ,SAAC,IAAI,CAAC,CAAC;AACP,SAAC,IAAI,CAAC,GAAG,WAAW,CAAC;OACtB;AACD,aAAO,CAAC,CAAC,KAAK,CAAC,CAAA,GAAI,sBAAsB,CAAC;KAC3C,CAAC;;AAEF,QAAI,CAAC,OAAO,GAAG,UAAU,CAAC;AAC1B,WAAO,IAAI,CAAC;GACb;;AAED,SAAQ,CAAA,UAAU,IAAI,EAAE;AACtB,QAAI,EAAE,GAAG,CAAC,CAAC;AACX,QAAI,EAAE,GAAG,CAAC,CAAC;AACX,QAAI,EAAE,GAAG,CAAC,CAAC;AACX,QAAI,CAAC,GAAG,CAAC,CAAC;;AAEV,QAAI,IAAI,CAAC,MAAM,IAAI,CAAC,EAAE;AACpB,UAAI,GAAG,CAAC,CAAC,IAAI,IAAI,EAAA,CAAC,CAAC;KACpB;AACD,QAAI,IAAI,GAAG,IAAI,EAAE,CAAC;AAClB,MAAE,GAAG,IAAI,CAAC,GAAG,CAAC,CAAC;AACf,MAAE,GAAG,IAAI,CAAC,GAAG,CAAC,CAAC;AACf,MAAE,GAAG,IAAI,CAAC,GAAG,CAAC,CAAC;;AAEf,SAAK,IAAI,CAAC,GAAG,CAAC,EAAE,CAAC,GAAG,IAAI,CAAC,MAAM,EAAE,CAAC,EAAE,EAAE;AACpC,QAAE,IAAI,IAAI,CAAC,IAAI,CAAC,CAAC,CAAC,CAAC,CAAC;AACpB,UAAI,EAAE,GAAG,CAAC,EAAE;AACV,UAAE,IAAI,CAAC,CAAC;OACT;AACD,QAAE,IAAI,IAAI,CAAC,IAAI,CAAC,CAAC,CAAC,CAAC,CAAC;AACpB,UAAI,EAAE,GAAG,CAAC,EAAE;AACV,UAAE,IAAI,CAAC,CAAC;OACT;AACD,QAAE,IAAI,IAAI,CAAC,IAAI,CAAC,CAAC,CAAC,CAAC,CAAC;AACpB,UAAI,EAAE,GAAG,CAAC,EAAE;AACV,UAAE,IAAI,CAAC,CAAC;OACT;KACF;AACD,QAAI,GAAG,IAAI,CAAC;;AAEZ,QAAI,MAAM,GAAG,YAAW;AACtB,UAAI,CAAC,GAAG,OAAO,GAAG,EAAE,GAAG,CAAC,GAAG,sBAAsB,CAAC;AAClD,QAAE,GAAG,EAAE,CAAC;AACR,QAAE,GAAG,EAAE,CAAC;AACR,aAAO,EAAE,GAAG,CAAC,IAAI,CAAC,GAAG,CAAC,GAAG,CAAC,CAAA,AAAC,CAAC;KAC7B,CAAC;AACF,UAAM,CAAC,MAAM,GAAG,YAAW;AACzB,aAAO,MAAM,EAAE,GAAG,WAAW,CAAC;KAC/B,CAAC;AACF,UAAM,CAAC,OAAO,GAAG,YAAW;AAC1B,aAAO,MAAM,EAAE,GACb,CAAC,MAAM,EAAE,GAAG,QAAQ,GAAG,CAAC,CAAA,GAAI,sBAAsB,CAAC;KACtD,CAAC;AACF,UAAM,CAAC,OAAO,GAAG,UAAU,CAAC;AAC5B,UAAM,CAAC,IAAI,GAAG,IAAI,CAAC;AACnB,WAAO,MAAM,CAAC;GAEf,CAAA,CAAE,KAAK,CAAC,SAAS,CAAC,KAAK,CAAC,IAAI,CAAC,SAAS,CAAC,CAAC,CAAE;CAC5C,CAAC;;AAEF,IAAI,kBAAkB,GAAG,yDAAyD,CAAC;AACnF,IAAI,YAAY,GAAG,sDAAsD,GACvE,cAAc,CAAC;;;;;;;;AAQjB,IAAI,eAAe,GAAG,UAAU,IAAI,EAAE,OAAO,EAAE;AAC7C,MAAI,IAAI,GAAG,IAAI,CAAC;AAChB,MAAI,CAAC,IAAI,GAAG,IAAI,CAAC;;AAEjB,MAAI,CAAC,eAAe,CAAC,IAAI,CAAC,IAAI,CAAC,EAAE;AAC/B,UAAM,IAAI,KAAK,CAAC,iCAAiC,GAAG,IAAI,CAAC,CAAC;GAC3D;;AAED,MAAI,IAAI,KAAK,eAAe,CAAC,IAAI,CAAC,IAAI,EAAE;AACtC,QAAI,CAAC,OAAO,CAAC,KAAK,EAAE;AAClB,YAAM,IAAI,KAAK,CAAC,sCAAsC,CAAC,CAAC;KACzD;AACD,QAAI,CAAC,IAAI,GAAG,IAAI,CAAC,KAAK,CAAC,IAAI,EAAE,OAAO,CAAC,KAAK,CAAC,CAAC;GAC7C;CACF,CAAC;;;AAGF,eAAe,CAAC,IAAI,GAAG;;;;;AAKrB,aAAW,EAAE,aAAa;;;;;AAK1B,gBAAc,EAAE,gBAAgB;;;;AAIhC,MAAI,EAAE,MAAM;CACb,CAAC;;AAEF,eAAe,CAAC,SAAS,CAAC,QAAQ,GAAG,YAAY;AAC/C,MAAI,IAAI,GAAG,IAAI,CAAC;AAChB,MAAI,IAAI,CAAC,IAAI,KAAK,eAAe,CAAC,IAAI,CAAC,IAAI,EAAE;AAC3C,WAAO,IAAI,CAAC,IAAI,EAAE,CAAC;GACpB,MAAM,IAAI,IAAI,CAAC,IAAI,KAAK,eAAe,CAAC,IAAI,CAAC,WAAW,EAAE;AACzD,QAAI,SAAS,GAAG,QAAQ,CAAC,IAAI,CAAC,SAAS,CAAC,CAAC,CAAC,EAAE,EAAE,CAAC,CAAC;AAChD,WAAO,SAAS,GAAG,sBAAsB,CAAC;GAC3C,MAAM,IAAI,IAAI,CAAC,IAAI,KAAK,eAAe,CAAC,IAAI,CAAC,cAAc,EAAE;AAC5D,UAAI,KAAK,GAAG,IAAI,WAAW,CAAC,CAAC,CAAC,CAAC;AAC/B,YAAM,CAAC,MAAM,CAAC,eAAe,CAAC,KAAK,CAAC,CAAC;AACrC,aAAO,KAAK,CAAC,CAAC,CAAC,GAAG,sBAAsB,CAAC;KAC1C,MAAM;AACL,cAAM,IAAI,KAAK,CAAC,iCAAiC,GAAG,IAAI,CAAC,IAAI,CAAC,CAAC;OAChE;CACF,CAAC;;AAEF,eAAe,CAAC,SAAS,CAAC,SAAS,GAAG,UAAU,MAAM,EAAE;AACtD,MAAI,IAAI,GAAG,IAAI,CAAC;AAChB,MAAI,IAAI,CAAC,IAAI,KAAK,eAAe,CAAC,IAAI,CAAC,WAAW,EAAE;AAClD,QAAI,QAAQ,GAAG,IAAI,CAAC,IAAI,CAAC,MAAM,GAAG,CAAC,CAAC,CAAC;AACrC,QAAI,KAAK,CAAC;;;AAGV,QAAI;AACF,WAAK,GAAG,UAAU,CAAC,WAAW,CAAC,QAAQ,CAAC,CAAC;KAC1C,CAAC,OAAO,CAAC,EAAE;;AAEV,WAAK,GAAG,UAAU,CAAC,iBAAiB,CAAC,QAAQ,CAAC,CAAC;KAChD;AACD,QAAI,MAAM,GAAG,KAAK,CAAC,QAAQ,CAAC,KAAK,CAAC,CAAC;;;AAGnC,WAAO,MAAM,CAAC,SAAS,CAAC,CAAC,EAAE,MAAM,CAAC,CAAC;GACpC,MAAM;AACL,WAAO,IAAI,CAAC,aAAa,CAAC,MAAM,EAAE,kBAAkB,CAAC,CAAC;GACvD;CACF,CAAC;;AAEF,eAAe,CAAC,SAAS,CAAC,aAAa,GAAG,UAAU,UAAU,EACV,QAAQ,EAAE;AAC5D,MAAI,IAAI,GAAG,IAAI,CAAC;AAChB,MAAI,MAAM,GAAG,EAAE,CAAC;AAChB,OAAK,IAAI,CAAC,GAAG,CAAC,EAAE,CAAC,GAAG,UAAU,EAAE,CAAC,EAAE,EAAE;AACnC,UAAM,CAAC,CAAC,CAAC,GAAG,IAAI,CAAC,MAAM,CAAC,QAAQ,CAAC,CAAC;GACnC;AACD,SAAO,MAAM,CAAC,IAAI,CAAC,EAAE,CAAC,CAAC;CACxB,CAAC;;AAEF,eAAe,CAAC,SAAS,CAAC,EAAE,GAAG,UAAU,UAAU,EAAE;AACnD,MAAI,IAAI,GAAG,IAAI,CAAC;;;AAGhB,MAAI,UAAU,KAAK,SAAS,EAC1B,UAAU,GAAG,EAAE,CAAC;;AAElB,SAAO,IAAI,CAAC,aAAa,CAAC,UAAU,EAAE,kBAAkB,CAAC,CAAC;CAC3D,CAAC;;AAEF,eAAe,CAAC,SAAS,CAAC,MAAM,GAAG,UAAU,UAAU,EAAE;AACvD,MAAI,IAAI,GAAG,IAAI,CAAC;;;AAGhB,MAAI,UAAU,KAAK,SAAS,EAC1B,UAAU,GAAG,EAAE,CAAC;AAClB,SAAO,IAAI,CAAC,aAAa,CAAC,UAAU,EAAE,YAAY,CAAC,CAAC;CACrD,CAAC;;AAEF,eAAe,CAAC,SAAS,CAAC,MAAM,GAAG,UAAU,aAAa,EAAE;AAC1D,MAAI,KAAK,GAAG,IAAI,CAAC,KAAK,CAAC,IAAI,CAAC,QAAQ,EAAE,GAAG,aAAa,CAAC,MAAM,CAAC,CAAC;AAC/D,MAAI,OAAO,aAAa,KAAK,QAAQ,EACnC,OAAO,aAAa,CAAC,MAAM,CAAC,KAAK,EAAE,CAAC,CAAC,CAAC,KAEtC,OAAO,aAAa,CAAC,KAAK,CAAC,CAAC;CAC/B,CAAC;;;;;;AAMF,IAAI,MAAM,GAAG,AAAC,OAAO,MAAM,KAAK,WAAW,IAAI,MAAM,CAAC,WAAW,IAC1D,OAAO,QAAQ,KAAK,WAAW,IAC5B,QAAQ,CAAC,eAAe,IACxB,QAAQ,CAAC,eAAe,CAAC,YAAY,AAAC,IACzC,OAAO,QAAQ,KAAK,WAAW,IAC5B,QAAQ,CAAC,IAAI,IACb,QAAQ,CAAC,IAAI,CAAC,YAAY,AAAC,IAC/B,CAAC,CAAC;;AAER,IAAI,KAAK,GAAG,AAAC,OAAO,MAAM,KAAK,WAAW,IAAI,MAAM,CAAC,UAAU,IACxD,OAAO,QAAQ,KAAK,WAAW,IAC5B,QAAQ,CAAC,eAAe,IACxB,QAAQ,CAAC,eAAe,CAAC,WAAW,AAAC,IACxC,OAAO,QAAQ,KAAK,WAAW,IAC5B,QAAQ,CAAC,IAAI,IACb,QAAQ,CAAC,IAAI,CAAC,WAAW,AAAC,IAC9B,CAAC,CAAC;;AAER,IAAI,KAAK,GAAG,AAAC,OAAO,SAAS,KAAK,WAAW,IAAI,SAAS,CAAC,SAAS,IAAK,EAAE,CAAC;;AAE5E,SAAS,oCAAoC,GAAG;AAC9C,SAAO,IAAI,eAAe,CACxB,eAAe,CAAC,IAAI,CAAC,IAAI,EACzB,EAAC,KAAK,EAAE,CAAC,IAAI,IAAI,EAAA,EAAE,MAAM,EAAE,KAAK,EAAE,KAAK,EAAE,IAAI,CAAC,MAAM,EAAE,CAAC,EAAC,CAAC,CAAC;CAC7D,CAAC;;AAEF,IAAI,MAAM,CAAC,QAAQ,EAAE;AACnB,QAAM,GAAG,IAAI,eAAe,CAAC,eAAe,CAAC,IAAI,CAAC,WAAW,CAAC,CAAC;CAChE,MAAM;AACL,MAAI,OAAO,MAAM,KAAK,WAAW,IAAI,MAAM,CAAC,MAAM,IAC9C,MAAM,CAAC,MAAM,CAAC,eAAe,EAAE;AACjC,UAAM,GAAG,IAAI,eAAe,CAAC,eAAe,CAAC,IAAI,CAAC,cAAc,CAAC,CAAC;GACnE,MAAM;;;;;;AAML,UAAM,GAAG,oCAAoC,EAAE,CAAC;GACjD;CACF;;;;AAID,MAAM,CAAC,eAAe,GAAG,YAAoB;oCAAP,KAAK;AAAL,SAAK;;;AACzC,MAAI,KAAK,CAAC,MAAM,KAAK,CAAC,EAAE;AACtB,UAAM,IAAI,KAAK,CAAC,wBAAwB,CAAC,CAAC;GAC3C;AACD,SAAO,IAAI,eAAe,CAAC,eAAe,CAAC,IAAI,CAAC,IAAI,EAAE,EAAC,KAAK,EAAE,KAAK,EAAC,CAAC,CAAC;CACvE,CAAC;;;;AAIF,MAAM,CAAC,QAAQ,GAAG,oCAAoC,EAAE,CAAC","file":"/random.js.map","sourcesContent":["// We use cryptographically strong PRNGs (crypto.getRandomBytes() on the server,\n// window.crypto.getRandomValues() in the browser) when available. If these\n// PRNGs fail, we fall back to the Alea PRNG, which is not cryptographically\n// strong, and we seed it with various sources such as the date, Math.random,\n// and window size on the client.  When using crypto.getRandomValues(), our\n// primitive is hexString(), from which we construct fraction(). When using\n// window.crypto.getRandomValues() or alea, the primitive is fraction and we use\n// that to construct hex string.\n\nif (Meteor.isServer)\n  var nodeCrypto = Npm.require('crypto');\n\n// see http://baagoe.org/en/wiki/Better_random_numbers_for_javascript\n// for a full discussion and Alea implementation.\nvar Alea = function () {\n  function Mash() {\n    var n = 0xefc8249d;\n\n    var mash = function(data) {\n      data = data.toString();\n      for (var i = 0; i < data.length; i++) {\n        n += data.charCodeAt(i);\n        var h = 0.02519603282416938 * n;\n        n = h >>> 0;\n        h -= n;\n        h *= n;\n        n = h >>> 0;\n        h -= n;\n        n += h * 0x100000000; // 2^32\n      }\n      return (n >>> 0) * 2.3283064365386963e-10; // 2^-32\n    };\n\n    mash.version = 'Mash 0.9';\n    return mash;\n  }\n\n  return (function (args) {\n    var s0 = 0;\n    var s1 = 0;\n    var s2 = 0;\n    var c = 1;\n\n    if (args.length == 0) {\n      args = [+new Date];\n    }\n    var mash = Mash();\n    s0 = mash(' ');\n    s1 = mash(' ');\n    s2 = mash(' ');\n\n    for (var i = 0; i < args.length; i++) {\n      s0 -= mash(args[i]);\n      if (s0 < 0) {\n        s0 += 1;\n      }\n      s1 -= mash(args[i]);\n      if (s1 < 0) {\n        s1 += 1;\n      }\n      s2 -= mash(args[i]);\n      if (s2 < 0) {\n        s2 += 1;\n      }\n    }\n    mash = null;\n\n    var random = function() {\n      var t = 2091639 * s0 + c * 2.3283064365386963e-10; // 2^-32\n      s0 = s1;\n      s1 = s2;\n      return s2 = t - (c = t | 0);\n    };\n    random.uint32 = function() {\n      return random() * 0x100000000; // 2^32\n    };\n    random.fract53 = function() {\n      return random() +\n        (random() * 0x200000 | 0) * 1.1102230246251565e-16; // 2^-53\n    };\n    random.version = 'Alea 0.9';\n    random.args = args;\n    return random;\n\n  } (Array.prototype.slice.call(arguments)));\n};\n\nvar UNMISTAKABLE_CHARS = \"23456789ABCDEFGHJKLMNPQRSTWXYZabcdefghijkmnopqrstuvwxyz\";\nvar BASE64_CHARS = \"abcdefghijklmnopqrstuvwxyzABCDEFGHIJKLMNOPQRSTUVWXYZ\" +\n  \"0123456789-_\";\n\n// `type` is one of `RandomGenerator.Type` as defined below.\n//\n// options:\n// - seeds: (required, only for RandomGenerator.Type.ALEA) an array\n//   whose items will be `toString`ed and used as the seed to the Alea\n//   algorithm\nvar RandomGenerator = function (type, options) {\n  var self = this;\n  self.type = type;\n\n  if (!RandomGenerator.Type[type]) {\n    throw new Error(\"Unknown random generator type: \" + type);\n  }\n\n  if (type === RandomGenerator.Type.ALEA) {\n    if (!options.seeds) {\n      throw new Error(\"No seeds were provided for Alea PRNG\");\n    }\n    self.alea = Alea.apply(null, options.seeds);\n  }\n};\n\n// Types of PRNGs supported by the `RandomGenerator` class\nRandomGenerator.Type = {\n  // Use Node's built-in `crypto.getRandomBytes` (cryptographically\n  // secure but not seedable, runs only on the server). Reverts to\n  // `crypto.getPseudoRandomBytes` in the extremely uncommon case that\n  // there isn't enough entropy yet\n  NODE_CRYPTO: \"NODE_CRYPTO\",\n\n  // Use non-IE browser's built-in `window.crypto.getRandomValues`\n  // (cryptographically secure but not seedable, runs only in the\n  // browser).\n  BROWSER_CRYPTO: \"BROWSER_CRYPTO\",\n\n  // Use the *fast*, seedaable and not cryptographically secure\n  // Alea algorithm\n  ALEA: \"ALEA\",\n};\n\nRandomGenerator.prototype.fraction = function () {\n  var self = this;\n  if (self.type === RandomGenerator.Type.ALEA) {\n    return self.alea();\n  } else if (self.type === RandomGenerator.Type.NODE_CRYPTO) {\n    var numerator = parseInt(self.hexString(8), 16);\n    return numerator * 2.3283064365386963e-10; // 2^-32\n  } else if (self.type === RandomGenerator.Type.BROWSER_CRYPTO) {\n    var array = new Uint32Array(1);\n    window.crypto.getRandomValues(array);\n    return array[0] * 2.3283064365386963e-10; // 2^-32\n  } else {\n    throw new Error('Unknown random generator type: ' + self.type);\n  }\n};\n\nRandomGenerator.prototype.hexString = function (digits) {\n  var self = this;\n  if (self.type === RandomGenerator.Type.NODE_CRYPTO) {\n    var numBytes = Math.ceil(digits / 2);\n    var bytes;\n    // Try to get cryptographically strong randomness. Fall back to\n    // non-cryptographically strong if not available.\n    try {\n      bytes = nodeCrypto.randomBytes(numBytes);\n    } catch (e) {\n      // XXX should re-throw any error except insufficient entropy\n      bytes = nodeCrypto.pseudoRandomBytes(numBytes);\n    }\n    var result = bytes.toString(\"hex\");\n    // If the number of digits is odd, we'll have generated an extra 4 bits\n    // of randomness, so we need to trim the last digit.\n    return result.substring(0, digits);\n  } else {\n    return this._randomString(digits, \"0123456789abcdef\");\n  }\n};\n\nRandomGenerator.prototype._randomString = function (charsCount,\n                                                    alphabet) {\n  var self = this;\n  var digits = [];\n  for (var i = 0; i < charsCount; i++) {\n    digits[i] = self.choice(alphabet);\n  }\n  return digits.join(\"\");\n};\n\nRandomGenerator.prototype.id = function (charsCount) {\n  var self = this;\n  // 17 characters is around 96 bits of entropy, which is the amount of\n  // state in the Alea PRNG.\n  if (charsCount === undefined)\n    charsCount = 17;\n\n  return self._randomString(charsCount, UNMISTAKABLE_CHARS);\n};\n\nRandomGenerator.prototype.secret = function (charsCount) {\n  var self = this;\n  // Default to 256 bits of entropy, or 43 characters at 6 bits per\n  // character.\n  if (charsCount === undefined)\n    charsCount = 43;\n  return self._randomString(charsCount, BASE64_CHARS);\n};\n\nRandomGenerator.prototype.choice = function (arrayOrString) {\n  var index = Math.floor(this.fraction() * arrayOrString.length);\n  if (typeof arrayOrString === \"string\")\n    return arrayOrString.substr(index, 1);\n  else\n    return arrayOrString[index];\n};\n\n// instantiate RNG.  Heuristically collect entropy from various sources when a\n// cryptographic PRNG isn't available.\n\n// client sources\nvar height = (typeof window !== 'undefined' && window.innerHeight) ||\n      (typeof document !== 'undefined'\n       && document.documentElement\n       && document.documentElement.clientHeight) ||\n      (typeof document !== 'undefined'\n       && document.body\n       && document.body.clientHeight) ||\n      1;\n\nvar width = (typeof window !== 'undefined' && window.innerWidth) ||\n      (typeof document !== 'undefined'\n       && document.documentElement\n       && document.documentElement.clientWidth) ||\n      (typeof document !== 'undefined'\n       && document.body\n       && document.body.clientWidth) ||\n      1;\n\nvar agent = (typeof navigator !== 'undefined' && navigator.userAgent) || \"\";\n\nfunction createAleaGeneratorWithGeneratedSeed() {\n  return new RandomGenerator(\n    RandomGenerator.Type.ALEA,\n    {seeds: [new Date, height, width, agent, Math.random()]});\n};\n\nif (Meteor.isServer) {\n  Random = new RandomGenerator(RandomGenerator.Type.NODE_CRYPTO);\n} else {\n  if (typeof window !== \"undefined\" && window.crypto &&\n      window.crypto.getRandomValues) {\n    Random = new RandomGenerator(RandomGenerator.Type.BROWSER_CRYPTO);\n  } else {\n    // On IE 10 and below, there's no browser crypto API\n    // available. Fall back to Alea\n    //\n    // XXX looks like at the moment, we use Alea in IE 11 as well,\n    // which has `window.msCrypto` instead of `window.crypto`.\n    Random = createAleaGeneratorWithGeneratedSeed();\n  }\n}\n\n// Create a non-cryptographically secure PRNG with a given seed (using\n// the Alea algorithm)\nRandom.createWithSeeds = function (...seeds) {\n  if (seeds.length === 0) {\n    throw new Error(\"No seeds were provided\");\n  }\n  return new RandomGenerator(RandomGenerator.Type.ALEA, {seeds: seeds});\n};\n\n// Used like `Random`, but much faster and not cryptographically\n// secure\nRandom.insecure = createAleaGeneratorWithGeneratedSeed();\n"]},"hash":"cb868ce0e32d49c9b45f4a845e7cd7376e22674a"}
