{"metadata":{"modules":{"imports":[],"exports":{"exported":[],"specifiers":[]}},"usedHelpers":[]},"ignored":false,"code":"/**\n * Meteor Client Register Helper JS\n */\n\nTemplate.registerHelper(\"formatDate\", function (timestamp) {\n  return moment(new Date(timestamp)).fromNow();\n});","ast":null,"map":{"version":3,"sources":["/client/scripts/registerhelper.js"],"names":[],"mappings":";;;;AAIA,QAAQ,CAAC,cAAc,CAAC,YAAY,EAAE,UAAS,SAAS,EAAE;AACxD,SAAO,MAAM,CAAC,IAAI,IAAI,CAAC,SAAS,CAAC,CAAC,CAAC,OAAO,EAAE,CAAC;CAC9C,CAAC,CAAC","file":"/client/scripts/registerhelper.js.map","sourcesContent":["/**\n * Meteor Client Register Helper JS\n */\n\nTemplate.registerHelper(\"formatDate\", function(timestamp) {\n  return moment(new Date(timestamp)).fromNow();\n});\n"]},"hash":"ed2c16b2189f829f4ae5831915161c7bc5a21164"}
