{"metadata":{"modules":{"imports":[],"exports":{"exported":[],"specifiers":[]}},"usedHelpers":[]},"ignored":false,"code":"// -- helper function for websites lists --\nTemplate.websitelist.helpers({\n  websites: function () {\n    return Websites.find({});\n  }\n});","ast":null,"map":{"version":3,"sources":["/client/scripts/websitelist.js"],"names":[],"mappings":";AACA,QAAQ,CAAC,WAAW,CAAC,OAAO,CAAC;AAC3B,UAAQ,EAAE,YAAW;AACnB,WAAO,QAAQ,CAAC,IAAI,CAAC,EAAE,CAAC,CAAC;GAC1B;CACF,CAAC,CAAC","file":"/client/scripts/websitelist.js.map","sourcesContent":["// -- helper function for websites lists --\nTemplate.websitelist.helpers({\n  websites: function() {\n    return Websites.find({});\n  },\n});\n"]},"hash":"f3542252769dee867af5313d24531e9634c7a9ca"}
