{"metadata":{"modules":{"imports":[],"exports":{"exported":[],"specifiers":[]}},"usedHelpers":[]},"ignored":false,"code":"// -- helper function for websites lists - top 5 - in landing_page --\nTemplate.landingpage.helpers({\n  topfive: function () {\n    return Websites.find({}, {\n      skip: 0,\n      limit: 5,\n      sort: {\n        voteUp: -1\n      }\n    });\n  }\n});","ast":null,"map":{"version":3,"sources":["/client/scripts/landing_page.js"],"names":[],"mappings":";AACA,QAAQ,CAAC,WAAW,CAAC,OAAO,CAAC;AAC3B,SAAO,EAAE,YAAW;AAClB,WAAO,QAAQ,CAAC,IAAI,CAAC,EAAE,EAAE;AACvB,UAAI,EAAE,CAAC;AACP,WAAK,EAAE,CAAC;AACR,UAAI,EAAE;AACJ,cAAM,EAAE,CAAC,CAAC;OACX;KACF,CAAC,CAAC;GACJ;CACF,CAAC,CAAC","file":"/client/scripts/landing_page.js.map","sourcesContent":["// -- helper function for websites lists - top 5 - in landing_page --\nTemplate.landingpage.helpers({\n  topfive: function() {\n    return Websites.find({}, {\n      skip: 0,\n      limit: 5,\n      sort: {\n        voteUp: -1\n      }\n    });\n  }\n});\n"]},"hash":"f464d5385fcc010cc6d9d454abce7cf7f0c6a036"}
