{"metadata":{"modules":{"imports":[],"exports":{"exported":[],"specifiers":[]}},"usedHelpers":[]},"ignored":false,"code":"/**\n * Meteor Client JS\n */\nMeteor.subscribe('usersData');\nMeteor.subscribe('chatDialog');","ast":null,"map":{"version":3,"sources":["/client/scripts/main.js"],"names":[],"mappings":";;;AAGA,MAAM,CAAC,SAAS,CAAC,WAAW,CAAC,CAAC;AAC9B,MAAM,CAAC,SAAS,CAAC,YAAY,CAAC,CAAC","file":"/client/scripts/main.js.map","sourcesContent":["/**\n * Meteor Client JS\n */\nMeteor.subscribe('usersData');\nMeteor.subscribe('chatDialog');\n"]},"hash":"00c85eb7c4eff56d8191046ac3e65f9c750cbee9"}
