{"metadata":{"modules":{"imports":[],"exports":{"exported":[],"specifiers":[]}},"usedHelpers":[]},"ignored":false,"code":"(function (e, t, n) {\n  var r = 1;var i = 3;var s = [\"p\", \"div\", \"pre\", \"form\"];var o = 27;var u = 9;e.emojiarea = { path: \"\", icons: {}, defaults: { button: null, buttonLabel: \"Emojis\", buttonPosition: \"after\" } };e.fn.emojiarea = function (t) {\n    t = e.extend({}, e.emojiarea.defaults, t);return this.each(function () {\n      var r = e(this);if (\"contentEditable\" in n.body && t.wysiwyg !== false) {\n        new c(r, t);\n      } else {\n        new l(r, t);\n      }\n    });\n  };var a = {};a.restoreSelection = (function () {\n    if (t.getSelection) {\n      return function (e) {\n        var n = t.getSelection();n.removeAllRanges();for (var r = 0, i = e.length; r < i; ++r) {\n          n.addRange(e[r]);\n        }\n      };\n    } else if (n.selection && n.selection.createRange) {\n      return function (e) {\n        if (e) {\n          e.select();\n        }\n      };\n    }\n  })();a.saveSelection = (function () {\n    if (t.getSelection) {\n      return function () {\n        var e = t.getSelection(),\n            n = [];if (e.rangeCount) {\n          for (var r = 0, i = e.rangeCount; r < i; ++r) {\n            n.push(e.getRangeAt(r));\n          }\n        }return n;\n      };\n    } else if (n.selection && n.selection.createRange) {\n      return function () {\n        var e = n.selection;return e.type.toLowerCase() !== \"none\" ? e.createRange() : null;\n      };\n    }\n  })();a.replaceSelection = (function () {\n    if (t.getSelection) {\n      return function (e) {\n        var r,\n            i = t.getSelection();var s = typeof e === \"string\" ? n.createTextNode(e) : e;if (i.getRangeAt && i.rangeCount) {\n          r = i.getRangeAt(0);r.deleteContents();r.insertNode(n.createTextNode(\" \"));r.insertNode(s);r.setStart(s, 0);t.setTimeout(function () {\n            r = n.createRange();r.setStartAfter(s);r.collapse(true);i.removeAllRanges();i.addRange(r);\n          }, 0);\n        }\n      };\n    } else if (n.selection && n.selection.createRange) {\n      return function (e) {\n        var t = n.selection.createRange();if (typeof e === \"string\") {\n          t.text = e;\n        } else {\n          t.pasteHTML(e.outerHTML);\n        }\n      };\n    }\n  })();a.insertAtCursor = function (e, t) {\n    e = \" \" + e;var r = t.value,\n        i,\n        s,\n        o;if (typeof t.selectionStart != \"undefined\" && typeof t.selectionEnd != \"undefined\") {\n      s = t.selectionStart;i = t.selectionEnd;t.value = r.substring(0, s) + e + r.substring(t.selectionEnd);t.selectionStart = t.selectionEnd = s + e.length;\n    } else if (typeof n.selection != \"undefined\" && typeof n.selection.createRange != \"undefined\") {\n      t.focus();o = n.selection.createRange();o.text = e;o.select();\n    }\n  };a.extend = function (e, t) {\n    if (typeof e === \"undefined\" || !e) {\n      e = {};\n    }if (typeof t === \"object\") {\n      for (var n in babelHelpers.sanitizeForInObject(t)) {\n        if (t.hasOwnProperty(n)) {\n          e[n] = t[n];\n        }\n      }\n    }return e;\n  };a.escapeRegex = function (e) {\n    return (e + \"\").replace(/([.?*+^$[\\]\\\\(){}|-])/g, \"\\\\$1\");\n  };a.htmlEntities = function (e) {\n    return String(e).replace(/&/g, \"&\").replace(/</g, \"&lt;\").replace(/>/g, \"&gt;\").replace(/\"/g, \"&quot;\");\n  };var f = function () {};f.prototype.setup = function () {\n    var e = this;this.$editor.on(\"focus\", function () {\n      e.hasFocus = true;\n    });this.$editor.on(\"blur\", function () {\n      e.hasFocus = false;\n    });this.setupButton();\n  };f.prototype.setupButton = function () {\n    var t = this;var n;if (this.options.button) {\n      n = e(this.options.button);\n    } else if (this.options.button !== false) {\n      n = e('<a href=\"javascript:void(0)\">');n.html(this.options.buttonLabel);n.addClass(\"emoji-button\");n.attr({ title: this.options.buttonLabel });this.$editor[this.options.buttonPosition](n);\n    } else {\n      n = e(\"\");\n    }n.on(\"click\", function (e) {\n      h.show(t);e.stopPropagation();\n    });this.$button = n;\n  };f.createIcon = function (t, n) {\n    var r = e.emojiarea.icons[t][\"icons\"][n];var i = e.emojiarea.path || \"\";if (i.length && i.charAt(i.length - 1) !== \"/\") {\n      i += \"/\";\n    }return '<img src=\"' + i + r + '\" alt=\"' + a.htmlEntities(n) + '\">';\n  };var l = function (e, t) {\n    this.options = t;this.$textarea = e;this.$editor = e;this.setup();\n  };l.prototype.insert = function (t, n) {\n    if (!e.emojiarea.icons[t][\"icons\"].hasOwnProperty(n)) return;a.insertAtCursor(n, this.$textarea[0]);this.$textarea.trigger(\"change\");\n  };l.prototype.val = function () {\n    return this.$textarea.val();\n  };a.extend(l.prototype, f.prototype);var c = function (t, r) {\n    var i = this;this.options = r;this.$textarea = t;this.$editor = e(\"<div>\").addClass(\"emoji-wysiwyg-editor\");this.$editor.text(t.val());this.$editor.attr({ contenteditable: \"true\" });this.$editor.on(\"blur keyup paste\", function () {\n      return i.onChange.apply(i, arguments);\n    });this.$editor.on(\"mousedown focus\", function () {\n      n.execCommand(\"enableObjectResizing\", false, false);\n    });this.$editor.on(\"blur\", function () {\n      n.execCommand(\"enableObjectResizing\", true, true);\n    });var s = this.$editor.text();var o = e.emojiarea.icons;for (var u in babelHelpers.sanitizeForInObject(o)) {\n      for (var l in babelHelpers.sanitizeForInObject(o[u][\"icons\"])) {\n        if (o[u][\"icons\"].hasOwnProperty(l)) {\n          s = s.replace(new RegExp(a.escapeRegex(l), \"g\"), f.createIcon(u, l));\n        }\n      }\n    }this.$editor.html(s);t.hide().after(this.$editor);this.setup();this.$button.on(\"mousedown\", function () {\n      if (i.hasFocus) {\n        i.selection = a.saveSelection();\n      }\n    });\n  };c.prototype.onChange = function () {\n    this.$textarea.val(this.val()).trigger(\"change\");\n  };c.prototype.insert = function (t, n) {\n    var r;var i = e(f.createIcon(t, n));if (i[0].attachEvent) {\n      i[0].attachEvent(\"onresizestart\", function (e) {\n        e.returnValue = false;\n      }, false);\n    }this.$editor.trigger(\"focus\");if (this.selection) {\n      a.restoreSelection(this.selection);\n    }try {\n      a.replaceSelection(i[0]);\n    } catch (s) {}this.onChange();\n  };c.prototype.val = function () {\n    var e = [];var t = [];var n = function () {\n      e.push(t.join(\"\"));t = [];\n    };var o = function (e) {\n      if (e.nodeType === i) {\n        t.push(e.nodeValue);\n      } else if (e.nodeType === r) {\n        var u = e.tagName.toLowerCase();var a = s.indexOf(u) !== -1;if (a && t.length) n();if (u === \"img\") {\n          var f = e.getAttribute(\"alt\") || \"\";if (f) t.push(f);return;\n        } else if (u === \"br\") {\n          n();\n        }var l = e.childNodes;for (var c = 0; c < l.length; c++) {\n          o(l[c]);\n        }if (a && t.length) n();\n      }\n    };var u = this.$editor[0].childNodes;for (var a = 0; a < u.length; a++) {\n      o(u[a]);\n    }if (t.length) n();return e.join(\"\\n\");\n  };a.extend(c.prototype, f.prototype);var h = function () {\n    var r = this;var i = e(n.body);var s = e(t);this.visible = false;this.emojiarea = null;this.$menu = e(\"<div>\");this.$menu.addClass(\"emoji-menu\");this.$menu.hide();this.$items = e(\"<div>\").appendTo(this.$menu);i.append(this.$menu);i.on(\"keydown\", function (e) {\n      if (e.keyCode === o || e.keyCode === u) {\n        r.hide();\n      }\n    });i.on(\"mouseup\", function () {\n      r.hide();\n    });s.on(\"resize\", function () {\n      if (r.visible) r.reposition();\n    });this.$menu.on(\"mouseup\", \"a\", function (e) {\n      e.stopPropagation();return false;\n    });this.$menu.on(\"click\", \"a\", function (n) {\n      var i = e(\".label\", e(this)).text();var s = e(\".label\", e(this)).parent().parent().attr(\"group\");if (s && i !== \"\") {\n        t.setTimeout(function () {\n          r.onItemSelected.apply(r, [s, i]);\n        }, 0);n.stopPropagation();return false;\n      }\n    });this.load();\n  };h.prototype.onItemSelected = function (e, t) {\n    this.emojiarea.insert(e, t);this.hide();\n  };h.prototype.load = function () {\n    var t = [];var n = [];var r = e.emojiarea.icons;var i = e.emojiarea.path;if (i.length && i.charAt(i.length - 1) !== \"/\") {\n      i += \"/\";\n    }n.push('<ul class=\"group-selector\">');for (var s in babelHelpers.sanitizeForInObject(r)) {\n      n.push('<a href=\"#group_' + s + '\" class=\"tab_switch\"><li>' + r[s][\"name\"] + \"</li></a>\");t.push('<div class=\"select_group\" group=\"' + s + '\" id=\"group_' + s + '\">');for (var o in babelHelpers.sanitizeForInObject(r[s][\"icons\"])) {\n        if (r[s][\"icons\"].hasOwnProperty(o)) {\n          var u = r[o];t.push('<a href=\"javascript:void(0)\" title=\"' + a.htmlEntities(o) + '\">' + f.createIcon(s, o) + '<span class=\"label\">' + a.htmlEntities(o) + \"</span></a>\");\n        }\n      }t.push(\"</div>\");\n    }n.push(\"</ul>\");this.$items.html(t.join(\"\"));this.$menu.prepend(n.join(\"\"));this.$menu.find(\".tab_switch\").each(function (t) {\n      if (t != 0) {\n        var n = e(this).attr(\"href\");e(n).hide();\n      } else {\n        e(this).addClass(\"active\");\n      }e(this).click(function () {\n        e(this).addClass(\"active\");e(this).siblings().removeClass(\"active\");e(\".select_group\").hide();var t = e(this).attr(\"href\");e(t).show();\n      });\n    });\n  };h.prototype.reposition = function () {\n    var e = this.emojiarea.$button;var t = e.offset();t.top += e.outerHeight();t.left += Math.round(e.outerWidth() / 2);this.$menu.css({ top: t.top, left: t.left });\n  };h.prototype.hide = function (e) {\n    if (this.emojiarea) {\n      this.emojiarea.menu = null;this.emojiarea.$button.removeClass(\"on\");this.emojiarea = null;\n    }this.visible = false;this.$menu.hide();\n  };h.prototype.show = function (e) {\n    if (this.emojiarea && this.emojiarea === e) return;this.emojiarea = e;this.emojiarea.menu = this;this.reposition();this.$menu.show();this.visible = true;\n  };h.show = (function () {\n    var e = null;return function (t) {\n      e = e || new h();e.show(t);\n    };\n  })();\n})(jQuery, window, document);","ast":null,"map":{"version":3,"sources":["/shared/jquery.emojiarea.min.js"],"names":[],"mappings":"AAAA,CAAC,UAAS,CAAC,EAAC,CAAC,EAAC,CAAC,EAAC;AAAC,MAAI,CAAC,GAAC,CAAC,CAAC,IAAI,CAAC,GAAC,CAAC,CAAC,IAAI,CAAC,GAAC,CAAC,GAAG,EAAC,KAAK,EAAC,KAAK,EAAC,MAAM,CAAC,CAAC,IAAI,CAAC,GAAC,EAAE,CAAC,IAAI,CAAC,GAAC,CAAC,CAAC,CAAC,CAAC,SAAS,GAAC,EAAC,IAAI,EAAC,EAAE,EAAC,KAAK,EAAC,EAAE,EAAC,QAAQ,EAAC,EAAC,MAAM,EAAC,IAAI,EAAC,WAAW,EAAC,QAAQ,EAAC,cAAc,EAAC,OAAO,EAAC,EAAC,CAAC,CAAC,CAAC,EAAE,CAAC,SAAS,GAAC,UAAS,CAAC,EAAC;AAAC,KAAC,GAAC,CAAC,CAAC,MAAM,CAAC,EAAE,EAAC,CAAC,CAAC,SAAS,CAAC,QAAQ,EAAC,CAAC,CAAC,CAAC,OAAO,IAAI,CAAC,IAAI,CAAC,YAAU;AAAC,UAAI,CAAC,GAAC,CAAC,CAAC,IAAI,CAAC,CAAC,IAAG,iBAAiB,IAAG,CAAC,CAAC,IAAI,IAAE,CAAC,CAAC,OAAO,KAAG,KAAK,EAAC;AAAC,YAAI,CAAC,CAAC,CAAC,EAAC,CAAC,CAAC,CAAA;OAAC,MAAI;AAAC,YAAI,CAAC,CAAC,CAAC,EAAC,CAAC,CAAC,CAAA;OAAC;KAAC,CAAC,CAAA;GAAC,CAAC,IAAI,CAAC,GAAC,EAAE,CAAC,CAAC,CAAC,gBAAgB,GAAC,CAAA,YAAU;AAAC,QAAG,CAAC,CAAC,YAAY,EAAC;AAAC,aAAO,UAAS,CAAC,EAAC;AAAC,YAAI,CAAC,GAAC,CAAC,CAAC,YAAY,EAAE,CAAC,CAAC,CAAC,eAAe,EAAE,CAAC,KAAI,IAAI,CAAC,GAAC,CAAC,EAAC,CAAC,GAAC,CAAC,CAAC,MAAM,EAAC,CAAC,GAAC,CAAC,EAAC,EAAE,CAAC,EAAC;AAAC,WAAC,CAAC,QAAQ,CAAC,CAAC,CAAC,CAAC,CAAC,CAAC,CAAA;SAAC;OAAC,CAAA;KAAC,MAAK,IAAG,CAAC,CAAC,SAAS,IAAE,CAAC,CAAC,SAAS,CAAC,WAAW,EAAC;AAAC,aAAO,UAAS,CAAC,EAAC;AAAC,YAAG,CAAC,EAAC;AAAC,WAAC,CAAC,MAAM,EAAE,CAAA;SAAC;OAAC,CAAA;KAAC;GAAC,CAAA,EAAE,CAAC,CAAC,CAAC,aAAa,GAAC,CAAA,YAAU;AAAC,QAAG,CAAC,CAAC,YAAY,EAAC;AAAC,aAAO,YAAU;AAAC,YAAI,CAAC,GAAC,CAAC,CAAC,YAAY,EAAE;YAAC,CAAC,GAAC,EAAE,CAAC,IAAG,CAAC,CAAC,UAAU,EAAC;AAAC,eAAI,IAAI,CAAC,GAAC,CAAC,EAAC,CAAC,GAAC,CAAC,CAAC,UAAU,EAAC,CAAC,GAAC,CAAC,EAAC,EAAE,CAAC,EAAC;AAAC,aAAC,CAAC,IAAI,CAAC,CAAC,CAAC,UAAU,CAAC,CAAC,CAAC,CAAC,CAAA;WAAC;SAAC,OAAO,CAAC,CAAA;OAAC,CAAA;KAAC,MAAK,IAAG,CAAC,CAAC,SAAS,IAAE,CAAC,CAAC,SAAS,CAAC,WAAW,EAAC;AAAC,aAAO,YAAU;AAAC,YAAI,CAAC,GAAC,CAAC,CAAC,SAAS,CAAC,OAAO,CAAC,CAAC,IAAI,CAAC,WAAW,EAAE,KAAG,MAAM,GAAC,CAAC,CAAC,WAAW,EAAE,GAAC,IAAI,CAAA;OAAC,CAAA;KAAC;GAAC,CAAA,EAAE,CAAC,CAAC,CAAC,gBAAgB,GAAC,CAAA,YAAU;AAAC,QAAG,CAAC,CAAC,YAAY,EAAC;AAAC,aAAO,UAAS,CAAC,EAAC;AAAC,YAAI,CAAC;YAAC,CAAC,GAAC,CAAC,CAAC,YAAY,EAAE,CAAC,IAAI,CAAC,GAAC,OAAO,CAAC,KAAG,QAAQ,GAAC,CAAC,CAAC,cAAc,CAAC,CAAC,CAAC,GAAC,CAAC,CAAC,IAAG,CAAC,CAAC,UAAU,IAAE,CAAC,CAAC,UAAU,EAAC;AAAC,WAAC,GAAC,CAAC,CAAC,UAAU,CAAC,CAAC,CAAC,CAAC,CAAC,CAAC,cAAc,EAAE,CAAC,CAAC,CAAC,UAAU,CAAC,CAAC,CAAC,cAAc,CAAC,GAAG,CAAC,CAAC,CAAC,CAAC,CAAC,UAAU,CAAC,CAAC,CAAC,CAAC,CAAC,CAAC,QAAQ,CAAC,CAAC,EAAC,CAAC,CAAC,CAAC,CAAC,CAAC,UAAU,CAAC,YAAU;AAAC,aAAC,GAAC,CAAC,CAAC,WAAW,EAAE,CAAC,CAAC,CAAC,aAAa,CAAC,CAAC,CAAC,CAAC,CAAC,CAAC,QAAQ,CAAC,IAAI,CAAC,CAAC,CAAC,CAAC,eAAe,EAAE,CAAC,CAAC,CAAC,QAAQ,CAAC,CAAC,CAAC,CAAA;WAAC,EAAC,CAAC,CAAC,CAAA;SAAC;OAAC,CAAA;KAAC,MAAK,IAAG,CAAC,CAAC,SAAS,IAAE,CAAC,CAAC,SAAS,CAAC,WAAW,EAAC;AAAC,aAAO,UAAS,CAAC,EAAC;AAAC,YAAI,CAAC,GAAC,CAAC,CAAC,SAAS,CAAC,WAAW,EAAE,CAAC,IAAG,OAAO,CAAC,KAAG,QAAQ,EAAC;AAAC,WAAC,CAAC,IAAI,GAAC,CAAC,CAAA;SAAC,MAAI;AAAC,WAAC,CAAC,SAAS,CAAC,CAAC,CAAC,SAAS,CAAC,CAAA;SAAC;OAAC,CAAA;KAAC;GAAC,CAAA,EAAE,CAAC,CAAC,CAAC,cAAc,GAAC,UAAS,CAAC,EAAC,CAAC,EAAC;AAAC,KAAC,GAAC,GAAG,GAAC,CAAC,CAAC,IAAI,CAAC,GAAC,CAAC,CAAC,KAAK;QAAC,CAAC;QAAC,CAAC;QAAC,CAAC,CAAC,IAAG,OAAO,CAAC,CAAC,cAAc,IAAE,WAAW,IAAE,OAAO,CAAC,CAAC,YAAY,IAAE,WAAW,EAAC;AAAC,OAAC,GAAC,CAAC,CAAC,cAAc,CAAC,CAAC,GAAC,CAAC,CAAC,YAAY,CAAC,CAAC,CAAC,KAAK,GAAC,CAAC,CAAC,SAAS,CAAC,CAAC,EAAC,CAAC,CAAC,GAAC,CAAC,GAAC,CAAC,CAAC,SAAS,CAAC,CAAC,CAAC,YAAY,CAAC,CAAC,CAAC,CAAC,cAAc,GAAC,CAAC,CAAC,YAAY,GAAC,CAAC,GAAC,CAAC,CAAC,MAAM,CAAA;KAAC,MAAK,IAAG,OAAO,CAAC,CAAC,SAAS,IAAE,WAAW,IAAE,OAAO,CAAC,CAAC,SAAS,CAAC,WAAW,IAAE,WAAW,EAAC;AAAC,OAAC,CAAC,KAAK,EAAE,CAAC,CAAC,GAAC,CAAC,CAAC,SAAS,CAAC,WAAW,EAAE,CAAC,CAAC,CAAC,IAAI,GAAC,CAAC,CAAC,CAAC,CAAC,MAAM,EAAE,CAAA;KAAC;GAAC,CAAC,CAAC,CAAC,MAAM,GAAC,UAAS,CAAC,EAAC,CAAC,EAAC;AAAC,QAAG,OAAO,CAAC,KAAG,WAAW,IAAE,CAAC,CAAC,EAAC;AAAC,OAAC,GAAC,EAAE,CAAA;KAAC,IAAG,OAAO,CAAC,KAAG,QAAQ,EAAC;AAAC,WAAI,IAAI,CAAC,qCAAI,CAAC,GAAC;AAAC,YAAG,CAAC,CAAC,cAAc,CAAC,CAAC,CAAC,EAAC;AAAC,WAAC,CAAC,CAAC,CAAC,GAAC,CAAC,CAAC,CAAC,CAAC,CAAA;SAAC;OAAC;KAAC,OAAO,CAAC,CAAA;GAAC,CAAC,CAAC,CAAC,WAAW,GAAC,UAAS,CAAC,EAAC;AAAC,WAAM,CAAC,CAAC,GAAC,EAAE,CAAA,CAAE,OAAO,CAAC,wBAAwB,EAAC,MAAM,CAAC,CAAA;GAAC,CAAC,CAAC,CAAC,YAAY,GAAC,UAAS,CAAC,EAAC;AAAC,WAAO,MAAM,CAAC,CAAC,CAAC,CAAC,OAAO,CAAC,IAAI,EAAC,GAAG,CAAC,CAAC,OAAO,CAAC,IAAI,EAAC,MAAM,CAAC,CAAC,OAAO,CAAC,IAAI,EAAC,MAAM,CAAC,CAAC,OAAO,CAAC,IAAI,EAAC,QAAQ,CAAC,CAAA;GAAC,CAAC,IAAI,CAAC,GAAC,YAAU,EAAE,CAAC,CAAC,CAAC,SAAS,CAAC,KAAK,GAAC,YAAU;AAAC,QAAI,CAAC,GAAC,IAAI,CAAC,IAAI,CAAC,OAAO,CAAC,EAAE,CAAC,OAAO,EAAC,YAAU;AAAC,OAAC,CAAC,QAAQ,GAAC,IAAI,CAAA;KAAC,CAAC,CAAC,IAAI,CAAC,OAAO,CAAC,EAAE,CAAC,MAAM,EAAC,YAAU;AAAC,OAAC,CAAC,QAAQ,GAAC,KAAK,CAAA;KAAC,CAAC,CAAC,IAAI,CAAC,WAAW,EAAE,CAAA;GAAC,CAAC,CAAC,CAAC,SAAS,CAAC,WAAW,GAAC,YAAU;AAAC,QAAI,CAAC,GAAC,IAAI,CAAC,IAAI,CAAC,CAAC,IAAG,IAAI,CAAC,OAAO,CAAC,MAAM,EAAC;AAAC,OAAC,GAAC,CAAC,CAAC,IAAI,CAAC,OAAO,CAAC,MAAM,CAAC,CAAA;KAAC,MAAK,IAAG,IAAI,CAAC,OAAO,CAAC,MAAM,KAAG,KAAK,EAAC;AAAC,OAAC,GAAC,CAAC,CAAC,+BAA+B,CAAC,CAAC,CAAC,CAAC,IAAI,CAAC,IAAI,CAAC,OAAO,CAAC,WAAW,CAAC,CAAC,CAAC,CAAC,QAAQ,CAAC,cAAc,CAAC,CAAC,CAAC,CAAC,IAAI,CAAC,EAAC,KAAK,EAAC,IAAI,CAAC,OAAO,CAAC,WAAW,EAAC,CAAC,CAAC,IAAI,CAAC,OAAO,CAAC,IAAI,CAAC,OAAO,CAAC,cAAc,CAAC,CAAC,CAAC,CAAC,CAAA;KAAC,MAAI;AAAC,OAAC,GAAC,CAAC,CAAC,EAAE,CAAC,CAAA;KAAC,CAAC,CAAC,EAAE,CAAC,OAAO,EAAC,UAAS,CAAC,EAAC;AAAC,OAAC,CAAC,IAAI,CAAC,CAAC,CAAC,CAAC,CAAC,CAAC,eAAe,EAAE,CAAA;KAAC,CAAC,CAAC,IAAI,CAAC,OAAO,GAAC,CAAC,CAAA;GAAC,CAAC,CAAC,CAAC,UAAU,GAAC,UAAS,CAAC,EAAC,CAAC,EAAC;AAAC,QAAI,CAAC,GAAC,CAAC,CAAC,SAAS,CAAC,KAAK,CAAC,CAAC,CAAC,CAAC,OAAO,CAAC,CAAC,CAAC,CAAC,CAAC,IAAI,CAAC,GAAC,CAAC,CAAC,SAAS,CAAC,IAAI,IAAE,EAAE,CAAC,IAAG,CAAC,CAAC,MAAM,IAAE,CAAC,CAAC,MAAM,CAAC,CAAC,CAAC,MAAM,GAAC,CAAC,CAAC,KAAG,GAAG,EAAC;AAAC,OAAC,IAAE,GAAG,CAAA;KAAC,OAAM,YAAY,GAAC,CAAC,GAAC,CAAC,GAAC,SAAS,GAAC,CAAC,CAAC,YAAY,CAAC,CAAC,CAAC,GAAC,IAAI,CAAA;GAAC,CAAC,IAAI,CAAC,GAAC,UAAS,CAAC,EAAC,CAAC,EAAC;AAAC,QAAI,CAAC,OAAO,GAAC,CAAC,CAAC,IAAI,CAAC,SAAS,GAAC,CAAC,CAAC,IAAI,CAAC,OAAO,GAAC,CAAC,CAAC,IAAI,CAAC,KAAK,EAAE,CAAA;GAAC,CAAC,CAAC,CAAC,SAAS,CAAC,MAAM,GAAC,UAAS,CAAC,EAAC,CAAC,EAAC;AAAC,QAAG,CAAC,CAAC,CAAC,SAAS,CAAC,KAAK,CAAC,CAAC,CAAC,CAAC,OAAO,CAAC,CAAC,cAAc,CAAC,CAAC,CAAC,EAAC,OAAO,CAAC,CAAC,cAAc,CAAC,CAAC,EAAC,IAAI,CAAC,SAAS,CAAC,CAAC,CAAC,CAAC,CAAC,IAAI,CAAC,SAAS,CAAC,OAAO,CAAC,QAAQ,CAAC,CAAA;GAAC,CAAC,CAAC,CAAC,SAAS,CAAC,GAAG,GAAC,YAAU;AAAC,WAAO,IAAI,CAAC,SAAS,CAAC,GAAG,EAAE,CAAA;GAAC,CAAC,CAAC,CAAC,MAAM,CAAC,CAAC,CAAC,SAAS,EAAC,CAAC,CAAC,SAAS,CAAC,CAAC,IAAI,CAAC,GAAC,UAAS,CAAC,EAAC,CAAC,EAAC;AAAC,QAAI,CAAC,GAAC,IAAI,CAAC,IAAI,CAAC,OAAO,GAAC,CAAC,CAAC,IAAI,CAAC,SAAS,GAAC,CAAC,CAAC,IAAI,CAAC,OAAO,GAAC,CAAC,CAAC,OAAO,CAAC,CAAC,QAAQ,CAAC,sBAAsB,CAAC,CAAC,IAAI,CAAC,OAAO,CAAC,IAAI,CAAC,CAAC,CAAC,GAAG,EAAE,CAAC,CAAC,IAAI,CAAC,OAAO,CAAC,IAAI,CAAC,EAAC,eAAe,EAAC,MAAM,EAAC,CAAC,CAAC,IAAI,CAAC,OAAO,CAAC,EAAE,CAAC,kBAAkB,EAAC,YAAU;AAAC,aAAO,CAAC,CAAC,QAAQ,CAAC,KAAK,CAAC,CAAC,EAAC,SAAS,CAAC,CAAA;KAAC,CAAC,CAAC,IAAI,CAAC,OAAO,CAAC,EAAE,CAAC,iBAAiB,EAAC,YAAU;AAAC,OAAC,CAAC,WAAW,CAAC,sBAAsB,EAAC,KAAK,EAAC,KAAK,CAAC,CAAA;KAAC,CAAC,CAAC,IAAI,CAAC,OAAO,CAAC,EAAE,CAAC,MAAM,EAAC,YAAU;AAAC,OAAC,CAAC,WAAW,CAAC,sBAAsB,EAAC,IAAI,EAAC,IAAI,CAAC,CAAA;KAAC,CAAC,CAAC,IAAI,CAAC,GAAC,IAAI,CAAC,OAAO,CAAC,IAAI,EAAE,CAAC,IAAI,CAAC,GAAC,CAAC,CAAC,SAAS,CAAC,KAAK,CAAC,KAAI,IAAI,CAAC,qCAAI,CAAC,GAAC;AAAC,WAAI,IAAI,CAAC,qCAAI,CAAC,CAAC,CAAC,CAAC,CAAC,OAAO,CAAC,GAAC;AAAC,YAAG,CAAC,CAAC,CAAC,CAAC,CAAC,OAAO,CAAC,CAAC,cAAc,CAAC,CAAC,CAAC,EAAC;AAAC,WAAC,GAAC,CAAC,CAAC,OAAO,CAAC,IAAI,MAAM,CAAC,CAAC,CAAC,WAAW,CAAC,CAAC,CAAC,EAAC,GAAG,CAAC,EAAC,CAAC,CAAC,UAAU,CAAC,CAAC,EAAC,CAAC,CAAC,CAAC,CAAA;SAAC;OAAC;KAAC,IAAI,CAAC,OAAO,CAAC,IAAI,CAAC,CAAC,CAAC,CAAC,CAAC,CAAC,IAAI,EAAE,CAAC,KAAK,CAAC,IAAI,CAAC,OAAO,CAAC,CAAC,IAAI,CAAC,KAAK,EAAE,CAAC,IAAI,CAAC,OAAO,CAAC,EAAE,CAAC,WAAW,EAAC,YAAU;AAAC,UAAG,CAAC,CAAC,QAAQ,EAAC;AAAC,SAAC,CAAC,SAAS,GAAC,CAAC,CAAC,aAAa,EAAE,CAAA;OAAC;KAAC,CAAC,CAAA;GAAC,CAAC,CAAC,CAAC,SAAS,CAAC,QAAQ,GAAC,YAAU;AAAC,QAAI,CAAC,SAAS,CAAC,GAAG,CAAC,IAAI,CAAC,GAAG,EAAE,CAAC,CAAC,OAAO,CAAC,QAAQ,CAAC,CAAA;GAAC,CAAC,CAAC,CAAC,SAAS,CAAC,MAAM,GAAC,UAAS,CAAC,EAAC,CAAC,EAAC;AAAC,QAAI,CAAC,CAAC,IAAI,CAAC,GAAC,CAAC,CAAC,CAAC,CAAC,UAAU,CAAC,CAAC,EAAC,CAAC,CAAC,CAAC,CAAC,IAAG,CAAC,CAAC,CAAC,CAAC,CAAC,WAAW,EAAC;AAAC,OAAC,CAAC,CAAC,CAAC,CAAC,WAAW,CAAC,eAAe,EAAC,UAAS,CAAC,EAAC;AAAC,SAAC,CAAC,WAAW,GAAC,KAAK,CAAA;OAAC,EAAC,KAAK,CAAC,CAAA;KAAC,IAAI,CAAC,OAAO,CAAC,OAAO,CAAC,OAAO,CAAC,CAAC,IAAG,IAAI,CAAC,SAAS,EAAC;AAAC,OAAC,CAAC,gBAAgB,CAAC,IAAI,CAAC,SAAS,CAAC,CAAA;KAAC,IAAG;AAAC,OAAC,CAAC,gBAAgB,CAAC,CAAC,CAAC,CAAC,CAAC,CAAC,CAAA;KAAC,CAAA,OAAM,CAAC,EAAC,EAAE,IAAI,CAAC,QAAQ,EAAE,CAAA;GAAC,CAAC,CAAC,CAAC,SAAS,CAAC,GAAG,GAAC,YAAU;AAAC,QAAI,CAAC,GAAC,EAAE,CAAC,IAAI,CAAC,GAAC,EAAE,CAAC,IAAI,CAAC,GAAC,YAAU;AAAC,OAAC,CAAC,IAAI,CAAC,CAAC,CAAC,IAAI,CAAC,EAAE,CAAC,CAAC,CAAC,CAAC,GAAC,EAAE,CAAA;KAAC,CAAC,IAAI,CAAC,GAAC,UAAS,CAAC,EAAC;AAAC,UAAG,CAAC,CAAC,QAAQ,KAAG,CAAC,EAAC;AAAC,SAAC,CAAC,IAAI,CAAC,CAAC,CAAC,SAAS,CAAC,CAAA;OAAC,MAAK,IAAG,CAAC,CAAC,QAAQ,KAAG,CAAC,EAAC;AAAC,YAAI,CAAC,GAAC,CAAC,CAAC,OAAO,CAAC,WAAW,EAAE,CAAC,IAAI,CAAC,GAAC,CAAC,CAAC,OAAO,CAAC,CAAC,CAAC,KAAG,CAAC,CAAC,CAAC,IAAG,CAAC,IAAE,CAAC,CAAC,MAAM,EAAC,CAAC,EAAE,CAAC,IAAG,CAAC,KAAG,KAAK,EAAC;AAAC,cAAI,CAAC,GAAC,CAAC,CAAC,YAAY,CAAC,KAAK,CAAC,IAAE,EAAE,CAAC,IAAG,CAAC,EAAC,CAAC,CAAC,IAAI,CAAC,CAAC,CAAC,CAAC,OAAM;SAAC,MAAK,IAAG,CAAC,KAAG,IAAI,EAAC;AAAC,WAAC,EAAE,CAAA;SAAC,IAAI,CAAC,GAAC,CAAC,CAAC,UAAU,CAAC,KAAI,IAAI,CAAC,GAAC,CAAC,EAAC,CAAC,GAAC,CAAC,CAAC,MAAM,EAAC,CAAC,EAAE,EAAC;AAAC,WAAC,CAAC,CAAC,CAAC,CAAC,CAAC,CAAC,CAAA;SAAC,IAAG,CAAC,IAAE,CAAC,CAAC,MAAM,EAAC,CAAC,EAAE,CAAA;OAAC;KAAC,CAAC,IAAI,CAAC,GAAC,IAAI,CAAC,OAAO,CAAC,CAAC,CAAC,CAAC,UAAU,CAAC,KAAI,IAAI,CAAC,GAAC,CAAC,EAAC,CAAC,GAAC,CAAC,CAAC,MAAM,EAAC,CAAC,EAAE,EAAC;AAAC,OAAC,CAAC,CAAC,CAAC,CAAC,CAAC,CAAC,CAAA;KAAC,IAAG,CAAC,CAAC,MAAM,EAAC,CAAC,EAAE,CAAC,OAAO,CAAC,CAAC,IAAI,CAAC,IAAI,CAAC,CAAA;GAAC,CAAC,CAAC,CAAC,MAAM,CAAC,CAAC,CAAC,SAAS,EAAC,CAAC,CAAC,SAAS,CAAC,CAAC,IAAI,CAAC,GAAC,YAAU;AAAC,QAAI,CAAC,GAAC,IAAI,CAAC,IAAI,CAAC,GAAC,CAAC,CAAC,CAAC,CAAC,IAAI,CAAC,CAAC,IAAI,CAAC,GAAC,CAAC,CAAC,CAAC,CAAC,CAAC,IAAI,CAAC,OAAO,GAAC,KAAK,CAAC,IAAI,CAAC,SAAS,GAAC,IAAI,CAAC,IAAI,CAAC,KAAK,GAAC,CAAC,CAAC,OAAO,CAAC,CAAC,IAAI,CAAC,KAAK,CAAC,QAAQ,CAAC,YAAY,CAAC,CAAC,IAAI,CAAC,KAAK,CAAC,IAAI,EAAE,CAAC,IAAI,CAAC,MAAM,GAAC,CAAC,CAAC,OAAO,CAAC,CAAC,QAAQ,CAAC,IAAI,CAAC,KAAK,CAAC,CAAC,CAAC,CAAC,MAAM,CAAC,IAAI,CAAC,KAAK,CAAC,CAAC,CAAC,CAAC,EAAE,CAAC,SAAS,EAAC,UAAS,CAAC,EAAC;AAAC,UAAG,CAAC,CAAC,OAAO,KAAG,CAAC,IAAE,CAAC,CAAC,OAAO,KAAG,CAAC,EAAC;AAAC,SAAC,CAAC,IAAI,EAAE,CAAA;OAAC;KAAC,CAAC,CAAC,CAAC,CAAC,EAAE,CAAC,SAAS,EAAC,YAAU;AAAC,OAAC,CAAC,IAAI,EAAE,CAAA;KAAC,CAAC,CAAC,CAAC,CAAC,EAAE,CAAC,QAAQ,EAAC,YAAU;AAAC,UAAG,CAAC,CAAC,OAAO,EAAC,CAAC,CAAC,UAAU,EAAE,CAAA;KAAC,CAAC,CAAC,IAAI,CAAC,KAAK,CAAC,EAAE,CAAC,SAAS,EAAC,GAAG,EAAC,UAAS,CAAC,EAAC;AAAC,OAAC,CAAC,eAAe,EAAE,CAAC,OAAO,KAAK,CAAA;KAAC,CAAC,CAAC,IAAI,CAAC,KAAK,CAAC,EAAE,CAAC,OAAO,EAAC,GAAG,EAAC,UAAS,CAAC,EAAC;AAAC,UAAI,CAAC,GAAC,CAAC,CAAC,QAAQ,EAAC,CAAC,CAAC,IAAI,CAAC,CAAC,CAAC,IAAI,EAAE,CAAC,IAAI,CAAC,GAAC,CAAC,CAAC,QAAQ,EAAC,CAAC,CAAC,IAAI,CAAC,CAAC,CAAC,MAAM,EAAE,CAAC,MAAM,EAAE,CAAC,IAAI,CAAC,OAAO,CAAC,CAAC,IAAG,CAAC,IAAE,CAAC,KAAG,EAAE,EAAC;AAAC,SAAC,CAAC,UAAU,CAAC,YAAU;AAAC,WAAC,CAAC,cAAc,CAAC,KAAK,CAAC,CAAC,EAAC,CAAC,CAAC,EAAC,CAAC,CAAC,CAAC,CAAA;SAAC,EAAC,CAAC,CAAC,CAAC,CAAC,CAAC,eAAe,EAAE,CAAC,OAAO,KAAK,CAAA;OAAC;KAAC,CAAC,CAAC,IAAI,CAAC,IAAI,EAAE,CAAA;GAAC,CAAC,CAAC,CAAC,SAAS,CAAC,cAAc,GAAC,UAAS,CAAC,EAAC,CAAC,EAAC;AAAC,QAAI,CAAC,SAAS,CAAC,MAAM,CAAC,CAAC,EAAC,CAAC,CAAC,CAAC,IAAI,CAAC,IAAI,EAAE,CAAA;GAAC,CAAC,CAAC,CAAC,SAAS,CAAC,IAAI,GAAC,YAAU;AAAC,QAAI,CAAC,GAAC,EAAE,CAAC,IAAI,CAAC,GAAC,EAAE,CAAC,IAAI,CAAC,GAAC,CAAC,CAAC,SAAS,CAAC,KAAK,CAAC,IAAI,CAAC,GAAC,CAAC,CAAC,SAAS,CAAC,IAAI,CAAC,IAAG,CAAC,CAAC,MAAM,IAAE,CAAC,CAAC,MAAM,CAAC,CAAC,CAAC,MAAM,GAAC,CAAC,CAAC,KAAG,GAAG,EAAC;AAAC,OAAC,IAAE,GAAG,CAAA;KAAC,CAAC,CAAC,IAAI,CAAC,6BAA6B,CAAC,CAAC,KAAI,IAAI,CAAC,qCAAI,CAAC,GAAC;AAAC,OAAC,CAAC,IAAI,CAAC,kBAAkB,GAAC,CAAC,GAAC,2BAA2B,GAAC,CAAC,CAAC,CAAC,CAAC,CAAC,MAAM,CAAC,GAAC,WAAW,CAAC,CAAC,CAAC,CAAC,IAAI,CAAC,mCAAmC,GAAC,CAAC,GAAC,cAAc,GAAC,CAAC,GAAC,IAAI,CAAC,CAAC,KAAI,IAAI,CAAC,qCAAI,CAAC,CAAC,CAAC,CAAC,CAAC,OAAO,CAAC,GAAC;AAAC,YAAG,CAAC,CAAC,CAAC,CAAC,CAAC,OAAO,CAAC,CAAC,cAAc,CAAC,CAAC,CAAC,EAAC;AAAC,cAAI,CAAC,GAAC,CAAC,CAAC,CAAC,CAAC,CAAC,CAAC,CAAC,IAAI,CAAC,sCAAsC,GAAC,CAAC,CAAC,YAAY,CAAC,CAAC,CAAC,GAAC,IAAI,GAAC,CAAC,CAAC,UAAU,CAAC,CAAC,EAAC,CAAC,CAAC,GAAC,sBAAsB,GAAC,CAAC,CAAC,YAAY,CAAC,CAAC,CAAC,GAAC,aAAa,CAAC,CAAA;SAAC;OAAC,CAAC,CAAC,IAAI,CAAC,QAAQ,CAAC,CAAA;KAAC,CAAC,CAAC,IAAI,CAAC,OAAO,CAAC,CAAC,IAAI,CAAC,MAAM,CAAC,IAAI,CAAC,CAAC,CAAC,IAAI,CAAC,EAAE,CAAC,CAAC,CAAC,IAAI,CAAC,KAAK,CAAC,OAAO,CAAC,CAAC,CAAC,IAAI,CAAC,EAAE,CAAC,CAAC,CAAC,IAAI,CAAC,KAAK,CAAC,IAAI,CAAC,aAAa,CAAC,CAAC,IAAI,CAAC,UAAS,CAAC,EAAC;AAAC,UAAG,CAAC,IAAE,CAAC,EAAC;AAAC,YAAI,CAAC,GAAC,CAAC,CAAC,IAAI,CAAC,CAAC,IAAI,CAAC,MAAM,CAAC,CAAC,CAAC,CAAC,CAAC,CAAC,CAAC,IAAI,EAAE,CAAA;OAAC,MAAI;AAAC,SAAC,CAAC,IAAI,CAAC,CAAC,QAAQ,CAAC,QAAQ,CAAC,CAAA;OAAC,CAAC,CAAC,IAAI,CAAC,CAAC,KAAK,CAAC,YAAU;AAAC,SAAC,CAAC,IAAI,CAAC,CAAC,QAAQ,CAAC,QAAQ,CAAC,CAAC,CAAC,CAAC,IAAI,CAAC,CAAC,QAAQ,EAAE,CAAC,WAAW,CAAC,QAAQ,CAAC,CAAC,CAAC,CAAC,eAAe,CAAC,CAAC,IAAI,EAAE,CAAC,IAAI,CAAC,GAAC,CAAC,CAAC,IAAI,CAAC,CAAC,IAAI,CAAC,MAAM,CAAC,CAAC,CAAC,CAAC,CAAC,CAAC,CAAC,IAAI,EAAE,CAAA;OAAC,CAAC,CAAA;KAAC,CAAC,CAAA;GAAC,CAAC,CAAC,CAAC,SAAS,CAAC,UAAU,GAAC,YAAU;AAAC,QAAI,CAAC,GAAC,IAAI,CAAC,SAAS,CAAC,OAAO,CAAC,IAAI,CAAC,GAAC,CAAC,CAAC,MAAM,EAAE,CAAC,CAAC,CAAC,GAAG,IAAE,CAAC,CAAC,WAAW,EAAE,CAAC,CAAC,CAAC,IAAI,IAAE,IAAI,CAAC,KAAK,CAAC,CAAC,CAAC,UAAU,EAAE,GAAC,CAAC,CAAC,CAAC,IAAI,CAAC,KAAK,CAAC,GAAG,CAAC,EAAC,GAAG,EAAC,CAAC,CAAC,GAAG,EAAC,IAAI,EAAC,CAAC,CAAC,IAAI,EAAC,CAAC,CAAA;GAAC,CAAC,CAAC,CAAC,SAAS,CAAC,IAAI,GAAC,UAAS,CAAC,EAAC;AAAC,QAAG,IAAI,CAAC,SAAS,EAAC;AAAC,UAAI,CAAC,SAAS,CAAC,IAAI,GAAC,IAAI,CAAC,IAAI,CAAC,SAAS,CAAC,OAAO,CAAC,WAAW,CAAC,IAAI,CAAC,CAAC,IAAI,CAAC,SAAS,GAAC,IAAI,CAAA;KAAC,IAAI,CAAC,OAAO,GAAC,KAAK,CAAC,IAAI,CAAC,KAAK,CAAC,IAAI,EAAE,CAAA;GAAC,CAAC,CAAC,CAAC,SAAS,CAAC,IAAI,GAAC,UAAS,CAAC,EAAC;AAAC,QAAG,IAAI,CAAC,SAAS,IAAE,IAAI,CAAC,SAAS,KAAG,CAAC,EAAC,OAAO,IAAI,CAAC,SAAS,GAAC,CAAC,CAAC,IAAI,CAAC,SAAS,CAAC,IAAI,GAAC,IAAI,CAAC,IAAI,CAAC,UAAU,EAAE,CAAC,IAAI,CAAC,KAAK,CAAC,IAAI,EAAE,CAAC,IAAI,CAAC,OAAO,GAAC,IAAI,CAAA;GAAC,CAAC,CAAC,CAAC,IAAI,GAAC,CAAA,YAAU;AAAC,QAAI,CAAC,GAAC,IAAI,CAAC,OAAO,UAAS,CAAC,EAAC;AAAC,OAAC,GAAC,CAAC,IAAE,IAAI,CAAC,EAAA,CAAC,CAAC,CAAC,IAAI,CAAC,CAAC,CAAC,CAAA;KAAC,CAAA;GAAC,CAAA,EAAE,CAAA;CAAC,CAAA,CAAE,MAAM,EAAC,MAAM,EAAC,QAAQ,CAAC,CAAC","file":"/shared/jquery.emojiarea.min.js.map","sourcesContent":["(function(e,t,n){var r=1;var i=3;var s=[\"p\",\"div\",\"pre\",\"form\"];var o=27;var u=9;e.emojiarea={path:\"\",icons:{},defaults:{button:null,buttonLabel:\"Emojis\",buttonPosition:\"after\"}};e.fn.emojiarea=function(t){t=e.extend({},e.emojiarea.defaults,t);return this.each(function(){var r=e(this);if(\"contentEditable\"in n.body&&t.wysiwyg!==false){new c(r,t)}else{new l(r,t)}})};var a={};a.restoreSelection=function(){if(t.getSelection){return function(e){var n=t.getSelection();n.removeAllRanges();for(var r=0,i=e.length;r<i;++r){n.addRange(e[r])}}}else if(n.selection&&n.selection.createRange){return function(e){if(e){e.select()}}}}();a.saveSelection=function(){if(t.getSelection){return function(){var e=t.getSelection(),n=[];if(e.rangeCount){for(var r=0,i=e.rangeCount;r<i;++r){n.push(e.getRangeAt(r))}}return n}}else if(n.selection&&n.selection.createRange){return function(){var e=n.selection;return e.type.toLowerCase()!==\"none\"?e.createRange():null}}}();a.replaceSelection=function(){if(t.getSelection){return function(e){var r,i=t.getSelection();var s=typeof e===\"string\"?n.createTextNode(e):e;if(i.getRangeAt&&i.rangeCount){r=i.getRangeAt(0);r.deleteContents();r.insertNode(n.createTextNode(\" \"));r.insertNode(s);r.setStart(s,0);t.setTimeout(function(){r=n.createRange();r.setStartAfter(s);r.collapse(true);i.removeAllRanges();i.addRange(r)},0)}}}else if(n.selection&&n.selection.createRange){return function(e){var t=n.selection.createRange();if(typeof e===\"string\"){t.text=e}else{t.pasteHTML(e.outerHTML)}}}}();a.insertAtCursor=function(e,t){e=\" \"+e;var r=t.value,i,s,o;if(typeof t.selectionStart!=\"undefined\"&&typeof t.selectionEnd!=\"undefined\"){s=t.selectionStart;i=t.selectionEnd;t.value=r.substring(0,s)+e+r.substring(t.selectionEnd);t.selectionStart=t.selectionEnd=s+e.length}else if(typeof n.selection!=\"undefined\"&&typeof n.selection.createRange!=\"undefined\"){t.focus();o=n.selection.createRange();o.text=e;o.select()}};a.extend=function(e,t){if(typeof e===\"undefined\"||!e){e={}}if(typeof t===\"object\"){for(var n in t){if(t.hasOwnProperty(n)){e[n]=t[n]}}}return e};a.escapeRegex=function(e){return(e+\"\").replace(/([.?*+^$[\\]\\\\(){}|-])/g,\"\\\\$1\")};a.htmlEntities=function(e){return String(e).replace(/&/g,\"&\").replace(/</g,\"&lt;\").replace(/>/g,\"&gt;\").replace(/\"/g,\"&quot;\")};var f=function(){};f.prototype.setup=function(){var e=this;this.$editor.on(\"focus\",function(){e.hasFocus=true});this.$editor.on(\"blur\",function(){e.hasFocus=false});this.setupButton()};f.prototype.setupButton=function(){var t=this;var n;if(this.options.button){n=e(this.options.button)}else if(this.options.button!==false){n=e('<a href=\"javascript:void(0)\">');n.html(this.options.buttonLabel);n.addClass(\"emoji-button\");n.attr({title:this.options.buttonLabel});this.$editor[this.options.buttonPosition](n)}else{n=e(\"\")}n.on(\"click\",function(e){h.show(t);e.stopPropagation()});this.$button=n};f.createIcon=function(t,n){var r=e.emojiarea.icons[t][\"icons\"][n];var i=e.emojiarea.path||\"\";if(i.length&&i.charAt(i.length-1)!==\"/\"){i+=\"/\"}return'<img src=\"'+i+r+'\" alt=\"'+a.htmlEntities(n)+'\">'};var l=function(e,t){this.options=t;this.$textarea=e;this.$editor=e;this.setup()};l.prototype.insert=function(t,n){if(!e.emojiarea.icons[t][\"icons\"].hasOwnProperty(n))return;a.insertAtCursor(n,this.$textarea[0]);this.$textarea.trigger(\"change\")};l.prototype.val=function(){return this.$textarea.val()};a.extend(l.prototype,f.prototype);var c=function(t,r){var i=this;this.options=r;this.$textarea=t;this.$editor=e(\"<div>\").addClass(\"emoji-wysiwyg-editor\");this.$editor.text(t.val());this.$editor.attr({contenteditable:\"true\"});this.$editor.on(\"blur keyup paste\",function(){return i.onChange.apply(i,arguments)});this.$editor.on(\"mousedown focus\",function(){n.execCommand(\"enableObjectResizing\",false,false)});this.$editor.on(\"blur\",function(){n.execCommand(\"enableObjectResizing\",true,true)});var s=this.$editor.text();var o=e.emojiarea.icons;for(var u in o){for(var l in o[u][\"icons\"]){if(o[u][\"icons\"].hasOwnProperty(l)){s=s.replace(new RegExp(a.escapeRegex(l),\"g\"),f.createIcon(u,l))}}}this.$editor.html(s);t.hide().after(this.$editor);this.setup();this.$button.on(\"mousedown\",function(){if(i.hasFocus){i.selection=a.saveSelection()}})};c.prototype.onChange=function(){this.$textarea.val(this.val()).trigger(\"change\")};c.prototype.insert=function(t,n){var r;var i=e(f.createIcon(t,n));if(i[0].attachEvent){i[0].attachEvent(\"onresizestart\",function(e){e.returnValue=false},false)}this.$editor.trigger(\"focus\");if(this.selection){a.restoreSelection(this.selection)}try{a.replaceSelection(i[0])}catch(s){}this.onChange()};c.prototype.val=function(){var e=[];var t=[];var n=function(){e.push(t.join(\"\"));t=[]};var o=function(e){if(e.nodeType===i){t.push(e.nodeValue)}else if(e.nodeType===r){var u=e.tagName.toLowerCase();var a=s.indexOf(u)!==-1;if(a&&t.length)n();if(u===\"img\"){var f=e.getAttribute(\"alt\")||\"\";if(f)t.push(f);return}else if(u===\"br\"){n()}var l=e.childNodes;for(var c=0;c<l.length;c++){o(l[c])}if(a&&t.length)n()}};var u=this.$editor[0].childNodes;for(var a=0;a<u.length;a++){o(u[a])}if(t.length)n();return e.join(\"\\n\")};a.extend(c.prototype,f.prototype);var h=function(){var r=this;var i=e(n.body);var s=e(t);this.visible=false;this.emojiarea=null;this.$menu=e(\"<div>\");this.$menu.addClass(\"emoji-menu\");this.$menu.hide();this.$items=e(\"<div>\").appendTo(this.$menu);i.append(this.$menu);i.on(\"keydown\",function(e){if(e.keyCode===o||e.keyCode===u){r.hide()}});i.on(\"mouseup\",function(){r.hide()});s.on(\"resize\",function(){if(r.visible)r.reposition()});this.$menu.on(\"mouseup\",\"a\",function(e){e.stopPropagation();return false});this.$menu.on(\"click\",\"a\",function(n){var i=e(\".label\",e(this)).text();var s=e(\".label\",e(this)).parent().parent().attr(\"group\");if(s&&i!==\"\"){t.setTimeout(function(){r.onItemSelected.apply(r,[s,i])},0);n.stopPropagation();return false}});this.load()};h.prototype.onItemSelected=function(e,t){this.emojiarea.insert(e,t);this.hide()};h.prototype.load=function(){var t=[];var n=[];var r=e.emojiarea.icons;var i=e.emojiarea.path;if(i.length&&i.charAt(i.length-1)!==\"/\"){i+=\"/\"}n.push('<ul class=\"group-selector\">');for(var s in r){n.push('<a href=\"#group_'+s+'\" class=\"tab_switch\"><li>'+r[s][\"name\"]+\"</li></a>\");t.push('<div class=\"select_group\" group=\"'+s+'\" id=\"group_'+s+'\">');for(var o in r[s][\"icons\"]){if(r[s][\"icons\"].hasOwnProperty(o)){var u=r[o];t.push('<a href=\"javascript:void(0)\" title=\"'+a.htmlEntities(o)+'\">'+f.createIcon(s,o)+'<span class=\"label\">'+a.htmlEntities(o)+\"</span></a>\")}}t.push(\"</div>\")}n.push(\"</ul>\");this.$items.html(t.join(\"\"));this.$menu.prepend(n.join(\"\"));this.$menu.find(\".tab_switch\").each(function(t){if(t!=0){var n=e(this).attr(\"href\");e(n).hide()}else{e(this).addClass(\"active\")}e(this).click(function(){e(this).addClass(\"active\");e(this).siblings().removeClass(\"active\");e(\".select_group\").hide();var t=e(this).attr(\"href\");e(t).show()})})};h.prototype.reposition=function(){var e=this.emojiarea.$button;var t=e.offset();t.top+=e.outerHeight();t.left+=Math.round(e.outerWidth()/2);this.$menu.css({top:t.top,left:t.left})};h.prototype.hide=function(e){if(this.emojiarea){this.emojiarea.menu=null;this.emojiarea.$button.removeClass(\"on\");this.emojiarea=null}this.visible=false;this.$menu.hide()};h.prototype.show=function(e){if(this.emojiarea&&this.emojiarea===e)return;this.emojiarea=e;this.emojiarea.menu=this;this.reposition();this.$menu.show();this.visible=true};h.show=function(){var e=null;return function(t){e=e||new h;e.show(t)}}()})(jQuery,window,document);"]},"hash":"8896aa6212d288fae4205b1fe1ad4f079578353b"}
