{"metadata":{"modules":{"imports":[],"exports":{"exported":[],"specifiers":[]}},"usedHelpers":[]},"ignored":false,"code":"/**\n * Meteor Client Chat Page Template JS\n */\nTemplate.chat_page.helpers({\n  loginUseravatar: function () {\n    return Meteor.users.findOne({\n      _id: Meteor.userId()\n    }).profile.avatar;\n  },\n  otheruser: function () {\n    var chat = Chats.findOne({\n      _id: Session.get(\"chatId\")\n    });\n    if (chat.user1Id != Meteor.userId()) {\n      var otherUser = chat.user1Id;\n    } else {\n      var otherUser = chat.user2Id;\n    }\n    return Meteor.users.findOne({\n      _id: otherUser\n    });\n  },\n  messages: function () {\n    var chat = Chats.findOne({\n      _id: Session.get(\"chatId\")\n    });\n    return chat.messages;\n  },\n  other_user: function () {\n    return \"\";\n  }\n});\n\n/////////\n/// EVENTS\n////////\nTemplate.chat_page.events({\n  // this event fires when the user sends a message on the chat page\n  \"submit .js-send-chat\": function (event) {\n    // stop the form from triggering a page reload\n    event.preventDefault();\n\n    Meteor.call(\"saveMessage\", Session.get(\"chatId\"), event.target.chat.value, function (err, chat) {\n      if (err) {\n        // error\n        console.log(\"ERROR: saveMessage, \" + err);\n      } else {\n        if (chat) {\n          // ok - we have a chat to use\n          // reset the form\n          event.target.chat.value = \"\";\n        } else {\n          console.log(\"ERROR: saveMessage, chat is undefined.\");\n        }\n      }\n    });\n  },\n  // this event trigger when the user click the emoji icon --\n  \"click .js-emoji-icon\": function (event) {\n    // console.log($(event.target).attr(\"alt\"));\n    //console.log(document.getElementById(\"chat\").value);\n    document.getElementById(\"chat\").value += $(event.target).attr(\"alt\");\n  }\n});","ast":null,"map":{"version":3,"sources":["/client/scripts/chat_page.js"],"names":[],"mappings":";;;AAGA,QAAQ,CAAC,SAAS,CAAC,OAAO,CAAC;AACzB,iBAAe,EAAE,YAAW;AAC1B,WAAO,MAAM,CAAC,KAAK,CAAC,OAAO,CAAC;AAC1B,SAAG,EAAE,MAAM,CAAC,MAAM,EAAE;KACrB,CAAC,CAAC,OAAO,CAAC,MAAM,CAAC;GACnB;AACD,WAAS,EAAE,YAAW;AACpB,QAAI,IAAI,GAAG,KAAK,CAAC,OAAO,CAAC;AACvB,SAAG,EAAE,OAAO,CAAC,GAAG,CAAC,QAAQ,CAAC;KAC3B,CAAC,CAAC;AACH,QAAI,IAAI,CAAC,OAAO,IAAI,MAAM,CAAC,MAAM,EAAE,EAAE;AACnC,UAAI,SAAS,GAAG,IAAI,CAAC,OAAO,CAAC;KAC9B,MAAM;AACL,UAAI,SAAS,GAAG,IAAI,CAAC,OAAO,CAAC;KAC9B;AACD,WAAO,MAAM,CAAC,KAAK,CAAC,OAAO,CAAC;AAC1B,SAAG,EAAE,SAAS;KACf,CAAC,CAAC;GACJ;AACD,UAAQ,EAAE,YAAW;AACnB,QAAI,IAAI,GAAG,KAAK,CAAC,OAAO,CAAC;AACvB,SAAG,EAAE,OAAO,CAAC,GAAG,CAAC,QAAQ,CAAC;KAC3B,CAAC,CAAC;AACH,WAAO,IAAI,CAAC,QAAQ,CAAC;GACtB;AACD,YAAU,EAAE,YAAW;AACrB,WAAO,EAAE,CAAA;GACV;CACF,CAAC,CAAA;;;;;AAKF,QAAQ,CAAC,SAAS,CAAC,MAAM,CAAC;;AAExB,wBAAsB,EAAE,UAAS,KAAK,EAAE;;AAEtC,SAAK,CAAC,cAAc,EAAE,CAAC;;AAEvB,UAAM,CAAC,IAAI,CAAC,aAAa,EAAE,OAAO,CAAC,GAAG,CAAC,QAAQ,CAAC,EAAE,KAAK,CAAC,MAAM,CAAC,IAAI,CAAC,KAAK,EACvE,UAAS,GAAG,EAAE,IAAI,EAAE;AAClB,UAAI,GAAG,EAAE;;AACP,eAAO,CAAC,GAAG,CAAC,sBAAsB,GAAG,GAAG,CAAC,CAAC;OAC3C,MAAM;AACL,YAAI,IAAI,EAAE;;;AAER,eAAK,CAAC,MAAM,CAAC,IAAI,CAAC,KAAK,GAAG,EAAE,CAAC;SAC9B,MAAM;AACL,iBAAO,CAAC,GAAG,CAAC,wCAAwC,CAAC,CAAC;SACvD;OACF;KACF,CAAC,CAAC;GACN;;AAED,wBAAsB,EAAE,UAAS,KAAK,EAAE;;;AAGtC,YAAQ,CAAC,cAAc,CAAC,MAAM,CAAC,CAAC,KAAK,IAAI,CAAC,CAAC,KAAK,CAAC,MAAM,CAAC,CAAC,IAAI,CAAC,KAAK,CAAC,CAAC;GACtE;CACF,CAAC,CAAA","file":"/client/scripts/chat_page.js.map","sourcesContent":["/**\n * Meteor Client Chat Page Template JS\n */\nTemplate.chat_page.helpers({\n  loginUseravatar: function() {\n    return Meteor.users.findOne({\n      _id: Meteor.userId()\n    }).profile.avatar;\n  },\n  otheruser: function() {\n    var chat = Chats.findOne({\n      _id: Session.get(\"chatId\")\n    });\n    if (chat.user1Id != Meteor.userId()) {\n      var otherUser = chat.user1Id;\n    } else {\n      var otherUser = chat.user2Id;\n    }\n    return Meteor.users.findOne({\n      _id: otherUser\n    });\n  },\n  messages: function() {\n    var chat = Chats.findOne({\n      _id: Session.get(\"chatId\")\n    });\n    return chat.messages;\n  },\n  other_user: function() {\n    return \"\"\n  },\n})\n\n/////////\n/// EVENTS\n////////\nTemplate.chat_page.events({\n  // this event fires when the user sends a message on the chat page\n  \"submit .js-send-chat\": function(event) {\n    // stop the form from triggering a page reload\n    event.preventDefault();\n\n    Meteor.call(\"saveMessage\", Session.get(\"chatId\"), event.target.chat.value,\n      function(err, chat) {\n        if (err) { // error\n          console.log(\"ERROR: saveMessage, \" + err);\n        } else {\n          if (chat) { // ok - we have a chat to use\n            // reset the form\n            event.target.chat.value = \"\";\n          } else {\n            console.log(\"ERROR: saveMessage, chat is undefined.\");\n          }\n        }\n      });\n  },\n  // this event trigger when the user click the emoji icon --\n  \"click .js-emoji-icon\": function(event) {\n    // console.log($(event.target).attr(\"alt\"));\n    //console.log(document.getElementById(\"chat\").value);\n    document.getElementById(\"chat\").value += $(event.target).attr(\"alt\");\n  },\n})\n"]},"hash":"8a7666c1d049cf8b8fd104ab71098041a18d5386"}
