{"metadata":{"modules":{"imports":[],"exports":{"exported":[],"specifiers":[]}},"usedHelpers":[]},"ignored":false,"code":"/**\n * Meteor Client Chat message Template JS\n */\nTemplate.chat_message.helpers({\n  currentDate: function () {\n    return new Date();\n  },\n  loginUser: function (userId) {\n    if (userId == Meteor.userId()) {\n      return true;\n    } else {\n      return false;\n    }\n  },\n  otherUser: function (userId) {\n    if (userId != 100) {\n      return true;\n    } else {\n      return false;\n    }\n  },\n  getUsername: function (userId) {\n    user = Meteor.users.findOne({\n      _id: userId\n    });\n    return user.profile.username;\n  }\n});","ast":null,"map":{"version":3,"sources":["/client/scripts/chat_message.js"],"names":[],"mappings":";;;AAGA,QAAQ,CAAC,YAAY,CAAC,OAAO,CAAC;AAC5B,aAAW,EAAE,YAAW;AACtB,WAAO,IAAI,IAAI,EAAE,CAAC;GACnB;AACD,WAAS,EAAE,UAAS,MAAM,EAAE;AAC1B,QAAI,MAAM,IAAI,MAAM,CAAC,MAAM,EAAE,EAAE;AAC7B,aAAO,IAAI,CAAC;KACb,MAAM;AACL,aAAO,KAAK,CAAC;KACd;GACF;AACD,WAAS,EAAE,UAAS,MAAM,EAAE;AAC1B,QAAI,MAAM,IAAI,GAAG,EAAE;AACjB,aAAO,IAAI,CAAC;KACb,MAAM;AACL,aAAO,KAAK,CAAC;KACd;GACF;AACD,aAAW,EAAE,UAAS,MAAM,EAAE;AAC5B,QAAI,GAAG,MAAM,CAAC,KAAK,CAAC,OAAO,CAAC;AAC1B,SAAG,EAAE,MAAM;KACZ,CAAC,CAAC;AACH,WAAO,IAAI,CAAC,OAAO,CAAC,QAAQ,CAAC;GAC9B;CACF,CAAC,CAAA","file":"/client/scripts/chat_message.js.map","sourcesContent":["/**\n * Meteor Client Chat message Template JS\n */\nTemplate.chat_message.helpers({\n  currentDate: function() {\n    return new Date();\n  },\n  loginUser: function(userId) {\n    if (userId == Meteor.userId()) {\n      return true;\n    } else {\n      return false;\n    }\n  },\n  otherUser: function(userId) {\n    if (userId != 100) {\n      return true;\n    } else {\n      return false;\n    }\n  },\n  getUsername: function(userId) {\n    user = Meteor.users.findOne({\n      _id: userId\n    });\n    return user.profile.username;\n  },\n})\n"]},"hash":"a8813509cbdece21df7644bf23511f8fbebe007d"}
