{"metadata":{"modules":{"imports":[],"exports":{"exported":[],"specifiers":[]}},"usedHelpers":[]},"ignored":false,"code":"// -- users data --\nMeteor.publish(\"usersData\", function () {\n  return Meteor.users.find();\n});\n\n// -- chat dialog --\nMeteor.publish(\"chatDialog\", function () {\n  return Chats.find({\n    $or: [{\n      user1Id: this.userId\n    }, {\n      user2Id: this.userId\n    }]\n  });\n});","ast":null,"map":{"version":3,"sources":["/server/publish.js"],"names":[],"mappings":";AACA,MAAM,CAAC,OAAO,CAAC,WAAW,EAAE,YAAW;AACrC,SAAO,MAAM,CAAC,KAAK,CAAC,IAAI,EAAE,CAAC;CAC5B,CAAC,CAAC;;;AAGH,MAAM,CAAC,OAAO,CAAC,YAAY,EAAE,YAAW;AACtC,SAAO,KAAK,CAAC,IAAI,CAAC;AAChB,OAAG,EAAE,CAAC;AACJ,aAAO,EAAE,IAAI,CAAC,MAAM;KACrB,EAAE;AACD,aAAO,EAAE,IAAI,CAAC,MAAM;KACrB,CAAC;GACH,CAAC,CAAC;CACJ,CAAC,CAAC","file":"/server/publish.js.map","sourcesContent":["// -- users data --\nMeteor.publish(\"usersData\", function() {\n  return Meteor.users.find();\n});\n\n// -- chat dialog --\nMeteor.publish(\"chatDialog\", function() {\n  return Chats.find({\n    $or: [{\n      user1Id: this.userId\n    }, {\n      user2Id: this.userId\n    }]\n  });\n});\n"]},"hash":"a93210888d01db97e17300e2c71fb36075cf0749"}
