{"metadata":{"modules":{"imports":[],"exports":{"exported":[],"specifiers":[]}},"usedHelpers":[]},"ignored":false,"code":"/**\n * Meteor Client JS\n */\nMeteor.subscribe('usersData');\nMeteor.subscribe('chatDialog');\n\nvar emojiLists = ['+1', '-1', '100', '1234', '8ball', 'a', 'ab', 'abc', 'abcd', 'accept', 'aerial_tramway', 'airplane', 'alarm_clock', 'alien', 'ambulance', 'anchor', 'angel', 'anger', 'angry', 'anguished', 'ant', 'apple', 'aquarius', 'aries', 'arrow_backward', 'arrow_double_down', 'arrow_double_up', 'arrow_down', 'arrow_down_small', 'arrow_forward', 'arrow_heading_down', 'arrow_heading_up', 'arrow_left', 'arrow_lower_left', 'arrow_lower_right', 'arrow_right', 'arrow_right_hook', 'arrow_up', 'arrow_up_down', 'arrow_up_small', 'arrow_upper_left', 'arrow_upper_right', 'arrows_clockwise', 'arrows_counterclockwise', 'art', 'articulated_lorry', 'astonished', 'atm', 'b', 'baby', 'baby_bottle', 'baby_chick', 'baby_symbol', 'baggage_claim', 'balloon', 'ballot_box_with_check', 'bamboo', 'banana', 'bangbang', 'bank', 'bar_chart', 'barber', 'baseball', 'basketball', 'bath', 'bathtub', 'battery', 'bear', 'bee', 'beer', 'beers', 'beetle', 'beginner', 'bell', 'bento', 'bicyclist', 'bike', 'bikini', 'bird', 'birthday', 'black_circle', 'black_joker', 'black_nib', 'black_square', 'black_square_button', 'blossom', 'blowfish', 'blue_book', 'blue_car', 'blue_heart', 'blush', 'boar', 'boat', 'bomb', 'book', 'bookmark', 'bookmark_tabs', 'books', 'boom', 'boot', 'bouquet', 'bow', 'bowling', 'bowtie', 'boy', 'bread', 'bride_with_veil', 'bridge_at_night', 'briefcase', 'broken_heart', 'bug', 'bulb', 'bullettrain_front', 'bullettrain_side', 'bus', 'busstop', 'bust_in_silhouette', 'busts_in_silhouette', 'cactus', 'cake', 'calendar', 'calling', 'camel', 'camera', 'cancer', 'candy', 'capital_abcd', 'capricorn', 'car', 'card_index', 'carousel_horse', 'cat', 'cat2', 'cd', 'chart', 'chart_with_downwards_trend', 'chart_with_upwards_trend', 'checkered_flag', 'cherries', 'cherry_blossom', 'chestnut', 'chicken', 'children_crossing', 'chocolate_bar', 'christmas_tree', 'church', 'cinema', 'circus_tent', 'city_sunrise', 'city_sunset', 'cl', 'clap', 'clapper', 'clipboard', 'clock1', 'clock10', 'clock1030', 'clock11', 'clock1130', 'clock12', 'clock1230', 'clock130', 'clock2', 'clock230', 'clock3', 'clock330', 'clock4', 'clock430', 'clock5', 'clock530', 'clock6', 'clock630', 'clock7', 'clock730', 'clock8', 'clock830', 'clock9', 'clock930', 'closed_book', 'closed_lock_with_key', 'closed_umbrella', 'cloud', 'clubs', 'cn', 'cocktail', 'coffee', 'cold_sweat', 'collision', 'computer', 'confetti_ball', 'confounded', 'confused', 'congratulations', 'construction', 'construction_worker', 'convenience_store', 'cookie', 'cool', 'cop', 'copyright', 'corn', 'couple', 'couple_with_heart', 'couplekiss', 'cow', 'cow2', 'credit_card', 'crocodile', 'crossed_flags', 'crown', 'cry', 'crying_cat_face', 'crystal_ball', 'cupid', 'curly_loop', 'currency_exchange', 'curry', 'custard', 'customs', 'cyclone', 'dancer', 'dancers', 'dango', 'dart', 'dash', 'date', 'de', 'deciduous_tree', 'department_store', 'diamond_shape_with_a_dot_inside', 'diamonds', 'disappointed', 'disappointed_relieved', 'dizzy', 'dizzy_face', 'do_not_litter', 'dog', 'dog2', 'dollar', 'dolls', 'dolphin', 'donut', 'door', 'doughnut', 'dragon', 'dragon_face', 'dress', 'dromedary_camel', 'droplet', 'dvd', 'e-mail', 'ear', 'ear_of_rice', 'earth_africa', 'earth_americas', 'earth_asia', 'egg', 'eggplant', 'eight', 'eight_pointed_black_star', 'eight_spoked_asterisk', 'electric_plug', 'elephant', 'email', 'end', 'envelope', 'es', 'euro', 'european_castle', 'european_post_office', 'evergreen_tree', 'exclamation', 'expressionless', 'eyeglasses', 'eyes', 'facepunch', 'factory', 'fallen_leaf', 'family', 'fast_forward', 'fax', 'fearful', 'feelsgood', 'feet', 'ferris_wheel', 'file_folder', 'finnadie', 'fire', 'fire_engine', 'fireworks', 'first_quarter_moon', 'first_quarter_moon_with_face', 'fish', 'fish_cake', 'fishing_pole_and_fish', 'fist', 'five', 'flags', 'flashlight', 'floppy_disk', 'flower_playing_cards', 'flushed', 'foggy', 'football', 'fork_and_knife', 'fountain', 'four', 'four_leaf_clover', 'fr', 'free', 'fried_shrimp', 'fries', 'frog', 'frowning', 'fu', 'fuelpump', 'full_moon', 'full_moon_with_face', 'game_die', 'gb', 'gem', 'gemini', 'ghost', 'gift', 'gift_heart', 'girl', 'globe_with_meridians', 'goat', 'goberserk', 'godmode', 'golf', 'grapes', 'green_apple', 'green_book', 'green_heart', 'grey_exclamation', 'grey_question', 'grimacing', 'grin', 'grinning', 'guardsman', 'guitar', 'gun', 'haircut', 'hamburger', 'hammer', 'hamster', 'hand', 'handbag', 'hankey', 'hash', 'hatched_chick', 'hatching_chick', 'headphones', 'hear_no_evil', 'heart', 'heart_decoration', 'heart_eyes', 'heart_eyes_cat', 'heartbeat', 'heartpulse', 'hearts', 'heavy_check_mark', 'heavy_division_sign', 'heavy_dollar_sign', 'heavy_exclamation_mark', 'heavy_minus_sign', 'heavy_multiplication_x', 'heavy_plus_sign', 'helicopter', 'herb', 'hibiscus', 'high_brightness', 'high_heel', 'hocho', 'honey_pot', 'honeybee', 'horse', 'horse_racing', 'hospital', 'hotel', 'hotsprings', 'hourglass', 'hourglass_flowing_sand', 'house', 'house_with_garden', 'hurtrealbad', 'hushed', 'ice_cream', 'icecream', 'id', 'ideograph_advantage', 'imp', 'inbox_tray', 'incoming_envelope', 'information_desk_person', 'information_source', 'innocent', 'interrobang', 'iphone', 'it', 'izakaya_lantern', 'jack_o_lantern', 'japan', 'japanese_castle', 'japanese_goblin', 'japanese_ogre', 'jeans', 'joy', 'joy_cat', 'jp', 'key', 'keycap_ten', 'kimono', 'kiss', 'kissing', 'kissing_cat', 'kissing_closed_eyes', 'kissing_face', 'kissing_heart', 'kissing_smiling_eyes', 'koala', 'koko', 'kr', 'large_blue_circle', 'large_blue_diamond', 'large_orange_diamond', 'last_quarter_moon', 'last_quarter_moon_with_face', 'laughing', 'leaves', 'ledger', 'left_luggage', 'left_right_arrow', 'leftwards_arrow_with_hook', 'lemon', 'leo', 'leopard', 'libra', 'light_rail', 'link', 'lips', 'lipstick', 'lock', 'lock_with_ink_pen', 'lollipop', 'loop', 'loudspeaker', 'love_hotel', 'love_letter', 'low_brightness', 'm', 'mag', 'mag_right', 'mahjong', 'mailbox', 'mailbox_closed', 'mailbox_with_mail', 'mailbox_with_no_mail', 'man', 'man_with_gua_pi_mao', 'man_with_turban', 'mans_shoe', 'maple_leaf', 'mask', 'massage', 'meat_on_bone', 'mega', 'melon', 'memo', 'mens', 'metal', 'metro', 'microphone', 'microscope', 'milky_way', 'minibus', 'minidisc', 'mobile_phone_off', 'money_with_wings', 'moneybag', 'monkey', 'monkey_face', 'monorail', 'moon', 'mortar_board', 'mount_fuji', 'mountain_bicyclist', 'mountain_cableway', 'mountain_railway', 'mouse', 'mouse2', 'movie_camera', 'moyai', 'muscle', 'mushroom', 'musical_keyboard', 'musical_note', 'musical_score', 'mute', 'nail_care', 'name_badge', 'neckbeard', 'necktie', 'negative_squared_cross_mark', 'neutral_face', 'new', 'new_moon', 'new_moon_with_face', 'newspaper', 'ng', 'nine', 'no_bell', 'no_bicycles', 'no_entry', 'no_entry_sign', 'no_good', 'no_mobile_phones', 'no_mouth', 'no_pedestrians', 'no_smoking', 'non-potable_water', 'nose', 'notebook', 'notebook_with_decorative_cover', 'notes', 'nut_and_bolt', 'o', 'o2', 'ocean', 'octocat', 'octopus', 'oden', 'office', 'ok', 'ok_hand', 'ok_woman', 'older_man', 'older_woman', 'on', 'oncoming_automobile', 'oncoming_bus', 'oncoming_police_car', 'oncoming_taxi', 'one', 'open_file_folder', 'open_hands', 'open_mouth', 'ophiuchus', 'orange_book', 'outbox_tray', 'ox', 'page_facing_up', 'page_with_curl', 'pager', 'palm_tree', 'panda_face', 'paperclip', 'parking', 'part_alternation_mark', 'partly_sunny', 'passport_control', 'paw_prints', 'peach', 'pear', 'pencil', 'pencil2', 'penguin', 'pensive', 'performing_arts', 'persevere', 'person_frowning', 'person_with_blond_hair', 'person_with_pouting_face', 'phone', 'pig', 'pig2', 'pig_nose', 'pill', 'pineapple', 'pisces', 'pizza', 'plus1', 'point_down', 'point_left', 'point_right', 'point_up', 'point_up_2', 'police_car', 'poodle', 'poop', 'post_office', 'postal_horn', 'postbox', 'potable_water', 'pouch', 'poultry_leg', 'pound', 'pouting_cat', 'pray', 'princess', 'punch', 'purple_heart', 'purse', 'pushpin', 'put_litter_in_its_place', 'question', 'rabbit', 'rabbit2', 'racehorse', 'radio', 'radio_button', 'rage', 'rage1', 'rage2', 'rage3', 'rage4', 'railway_car', 'rainbow', 'raised_hand', 'raised_hands', 'raising_hand', 'ram', 'ramen', 'rat', 'recycle', 'red_car', 'red_circle', 'registered', 'relaxed', 'relieved', 'repeat', 'repeat_one', 'restroom', 'revolving_hearts', 'rewind', 'ribbon', 'rice', 'rice_ball', 'rice_cracker', 'rice_scene', 'ring', 'rocket', 'roller_coaster', 'rooster', 'rose', 'rotating_light', 'round_pushpin', 'rowboat', 'ru', 'rugby_football', 'runner', 'running', 'running_shirt_with_sash', 'sa', 'sagittarius', 'sailboat', 'sake', 'sandal', 'santa', 'satellite', 'satisfied', 'saxophone', 'school', 'school_satchel', 'scissors', 'scorpius', 'scream', 'scream_cat', 'scroll', 'seat', 'secret', 'see_no_evil', 'seedling', 'seven', 'shaved_ice', 'sheep', 'shell', 'ship', 'shipit', 'shirt', 'shit', 'shoe', 'shower', 'signal_strength', 'six', 'six_pointed_star', 'ski', 'skull', 'sleeping', 'sleepy', 'slot_machine', 'small_blue_diamond', 'small_orange_diamond', 'small_red_triangle', 'small_red_triangle_down', 'smile', 'smile_cat', 'smiley', 'smiley_cat', 'smiling_imp', 'smirk', 'smirk_cat', 'smoking', 'snail', 'snake', 'snowboarder', 'snowflake', 'snowman', 'sob', 'soccer', 'soon', 'sos', 'sound', 'space_invader', 'spades', 'spaghetti', 'sparkler', 'sparkles', 'sparkling_heart', 'speak_no_evil', 'speaker', 'speech_balloon', 'speedboat', 'squirrel', 'star', 'star2', 'stars', 'station', 'statue_of_liberty', 'steam_locomotive', 'stew', 'straight_ruler', 'strawberry', 'stuck_out_tongue', 'stuck_out_tongue_closed_eyes', 'stuck_out_tongue_winking_eye', 'sun_with_face', 'sunflower', 'sunglasses', 'sunny', 'sunrise', 'sunrise_over_mountains', 'surfer', 'sushi', 'suspect', 'suspension_railway', 'sweat', 'sweat_drops', 'sweat_smile', 'sweet_potato', 'swimmer', 'symbols', 'syringe', 'tada', 'tanabata_tree', 'tangerine', 'taurus', 'taxi', 'tea', 'telephone', 'telephone_receiver', 'telescope', 'tennis', 'tent', 'thought_balloon', 'three', 'thumbsdown', 'thumbsup', 'ticket', 'tiger', 'tiger2', 'tired_face', 'tm', 'toilet', 'tokyo_tower', 'tomato', 'tongue', 'top', 'tophat', 'tractor', 'traffic_light', 'train', 'train2', 'tram', 'triangular_flag_on_post', 'triangular_ruler', 'trident', 'triumph', 'trolleybus', 'trollface', 'trophy', 'tropical_drink', 'tropical_fish', 'truck', 'trumpet', 'tshirt', 'tulip', 'turtle', 'tv', 'twisted_rightwards_arrows', 'two', 'two_hearts', 'two_men_holding_hands', 'two_women_holding_hands', 'u5272', 'u5408', 'u55b6', 'u6307', 'u6708', 'u6709', 'u6e80', 'u7121', 'u7533', 'u7981', 'u7a7a', 'uk', 'umbrella', 'unamused', 'underage', 'unlock', 'up', 'us', 'v', 'vertical_traffic_light', 'vhs', 'vibration_mode', 'video_camera', 'video_game', 'violin', 'virgo', 'volcano', 'vs', 'walking', 'waning_crescent_moon', 'waning_gibbous_moon', 'warning', 'watch', 'water_buffalo', 'watermelon', 'wave', 'wavy_dash', 'waxing_crescent_moon', 'waxing_gibbous_moon', 'wc', 'weary', 'wedding', 'whale', 'whale2', 'wheelchair', 'white_check_mark', 'white_circle', 'white_flower', 'white_square', 'white_square_button', 'wind_chime', 'wine_glass', 'wink', 'wolf', 'woman', 'womans_clothes', 'womans_hat', 'womens', 'worried', 'wrench', 'x', 'yellow_heart', 'yen', 'yum', 'zap', 'zero', 'zzz', 'simple_smile'];","ast":null,"map":{"version":3,"sources":["/client/scripts/main.js"],"names":[],"mappings":";;;AAGA,MAAM,CAAC,SAAS,CAAC,WAAW,CAAC,CAAC;AAC9B,MAAM,CAAC,SAAS,CAAC,YAAY,CAAC,CAAC;;AAE/B,IAAI,UAAU,GAAG,CAAC,IAAI,EAAE,IAAI,EAAE,KAAK,EAAE,MAAM,EAAE,OAAO,EAAE,GAAG,EAAE,IAAI,EAAE,KAAK,EAAE,MAAM,EAC5E,QAAQ,EAAE,gBAAgB,EAAE,UAAU,EAAE,aAAa,EAAE,OAAO,EAAE,WAAW,EAC3E,QAAQ,EAAE,OAAO,EAAE,OAAO,EAAE,OAAO,EAAE,WAAW,EAAE,KAAK,EAAE,OAAO,EAChE,UAAU,EAAE,OAAO,EAAE,gBAAgB,EAAE,mBAAmB,EAC1D,iBAAiB,EAAE,YAAY,EAAE,kBAAkB,EAAE,eAAe,EACpE,oBAAoB,EAAE,kBAAkB,EAAE,YAAY,EAAE,kBAAkB,EAC1E,mBAAmB,EAAE,aAAa,EAAE,kBAAkB,EAAE,UAAU,EAClE,eAAe,EAAE,gBAAgB,EAAE,kBAAkB,EAAE,mBAAmB,EAC1E,kBAAkB,EAAE,yBAAyB,EAAE,KAAK,EAAE,mBAAmB,EACzE,YAAY,EAAE,KAAK,EAAE,GAAG,EAAE,MAAM,EAAE,aAAa,EAAE,YAAY,EAC7D,aAAa,EAAE,eAAe,EAAE,SAAS,EAAE,uBAAuB,EAClE,QAAQ,EAAE,QAAQ,EAAE,UAAU,EAAE,MAAM,EAAE,WAAW,EAAE,QAAQ,EAAE,UAAU,EACzE,YAAY,EAAE,MAAM,EAAE,SAAS,EAAE,SAAS,EAAE,MAAM,EAAE,KAAK,EAAE,MAAM,EAAE,OAAO,EAC1E,QAAQ,EAAE,UAAU,EAAE,MAAM,EAAE,OAAO,EAAE,WAAW,EAAE,MAAM,EAAE,QAAQ,EACpE,MAAM,EAAE,UAAU,EAAE,cAAc,EAAE,aAAa,EAAE,WAAW,EAC9D,cAAc,EAAE,qBAAqB,EAAE,SAAS,EAAE,UAAU,EAAE,WAAW,EACzE,UAAU,EAAE,YAAY,EAAE,OAAO,EAAE,MAAM,EAAE,MAAM,EAAE,MAAM,EAAE,MAAM,EACjE,UAAU,EAAE,eAAe,EAAE,OAAO,EAAE,MAAM,EAAE,MAAM,EAAE,SAAS,EAAE,KAAK,EACtE,SAAS,EAAE,QAAQ,EAAE,KAAK,EAAE,OAAO,EAAE,iBAAiB,EAAE,iBAAiB,EACzE,WAAW,EAAE,cAAc,EAAE,KAAK,EAAE,MAAM,EAAE,mBAAmB,EAC/D,kBAAkB,EAAE,KAAK,EAAE,SAAS,EAAE,oBAAoB,EAC1D,qBAAqB,EAAE,QAAQ,EAAE,MAAM,EAAE,UAAU,EAAE,SAAS,EAAE,OAAO,EACvE,QAAQ,EAAE,QAAQ,EAAE,OAAO,EAAE,cAAc,EAAE,WAAW,EAAE,KAAK,EAC/D,YAAY,EAAE,gBAAgB,EAAE,KAAK,EAAE,MAAM,EAAE,IAAI,EAAE,OAAO,EAC5D,4BAA4B,EAAE,0BAA0B,EAAE,gBAAgB,EAC1E,UAAU,EAAE,gBAAgB,EAAE,UAAU,EAAE,SAAS,EAAE,mBAAmB,EACxE,eAAe,EAAE,gBAAgB,EAAE,QAAQ,EAAE,QAAQ,EAAE,aAAa,EACpE,cAAc,EAAE,aAAa,EAAE,IAAI,EAAE,MAAM,EAAE,SAAS,EAAE,WAAW,EACnE,QAAQ,EAAE,SAAS,EAAE,WAAW,EAAE,SAAS,EAAE,WAAW,EAAE,SAAS,EACnE,WAAW,EAAE,UAAU,EAAE,QAAQ,EAAE,UAAU,EAAE,QAAQ,EAAE,UAAU,EACnE,QAAQ,EAAE,UAAU,EAAE,QAAQ,EAAE,UAAU,EAAE,QAAQ,EAAE,UAAU,EAAE,QAAQ,EAC1E,UAAU,EAAE,QAAQ,EAAE,UAAU,EAAE,QAAQ,EAAE,UAAU,EAAE,aAAa,EACrE,sBAAsB,EAAE,iBAAiB,EAAE,OAAO,EAAE,OAAO,EAAE,IAAI,EACjE,UAAU,EAAE,QAAQ,EAAE,YAAY,EAAE,WAAW,EAAE,UAAU,EAC3D,eAAe,EAAE,YAAY,EAAE,UAAU,EAAE,iBAAiB,EAC5D,cAAc,EAAE,qBAAqB,EAAE,mBAAmB,EAAE,QAAQ,EACpE,MAAM,EAAE,KAAK,EAAE,WAAW,EAAE,MAAM,EAAE,QAAQ,EAAE,mBAAmB,EACjE,YAAY,EAAE,KAAK,EAAE,MAAM,EAAE,aAAa,EAAE,WAAW,EAAE,eAAe,EACxE,OAAO,EAAE,KAAK,EAAE,iBAAiB,EAAE,cAAc,EAAE,OAAO,EAAE,YAAY,EACxE,mBAAmB,EAAE,OAAO,EAAE,SAAS,EAAE,SAAS,EAAE,SAAS,EAAE,QAAQ,EACvE,SAAS,EAAE,OAAO,EAAE,MAAM,EAAE,MAAM,EAAE,MAAM,EAAE,IAAI,EAAE,gBAAgB,EAClE,kBAAkB,EAAE,iCAAiC,EAAE,UAAU,EACjE,cAAc,EAAE,uBAAuB,EAAE,OAAO,EAAE,YAAY,EAC9D,eAAe,EAAE,KAAK,EAAE,MAAM,EAAE,QAAQ,EAAE,OAAO,EAAE,SAAS,EAAE,OAAO,EACrE,MAAM,EAAE,UAAU,EAAE,QAAQ,EAAE,aAAa,EAAE,OAAO,EAAE,iBAAiB,EACvE,SAAS,EAAE,KAAK,EAAE,QAAQ,EAAE,KAAK,EAAE,aAAa,EAAE,cAAc,EAChE,gBAAgB,EAAE,YAAY,EAAE,KAAK,EAAE,UAAU,EAAE,OAAO,EAC1D,0BAA0B,EAAE,uBAAuB,EAAE,eAAe,EACpE,UAAU,EAAE,OAAO,EAAE,KAAK,EAAE,UAAU,EAAE,IAAI,EAAE,MAAM,EAAE,iBAAiB,EACvE,sBAAsB,EAAE,gBAAgB,EAAE,aAAa,EAAE,gBAAgB,EACzE,YAAY,EAAE,MAAM,EAAE,WAAW,EAAE,SAAS,EAAE,aAAa,EAAE,QAAQ,EACrE,cAAc,EAAE,KAAK,EAAE,SAAS,EAAE,WAAW,EAAE,MAAM,EAAE,cAAc,EACrE,aAAa,EAAE,UAAU,EAAE,MAAM,EAAE,aAAa,EAAE,WAAW,EAC7D,oBAAoB,EAAE,8BAA8B,EAAE,MAAM,EAAE,WAAW,EACzE,uBAAuB,EAAE,MAAM,EAAE,MAAM,EAAE,OAAO,EAAE,YAAY,EAC9D,aAAa,EAAE,sBAAsB,EAAE,SAAS,EAAE,OAAO,EAAE,UAAU,EACrE,gBAAgB,EAAE,UAAU,EAAE,MAAM,EAAE,kBAAkB,EAAE,IAAI,EAAE,MAAM,EACtE,cAAc,EAAE,OAAO,EAAE,MAAM,EAAE,UAAU,EAAE,IAAI,EAAE,UAAU,EAAE,WAAW,EAC1E,qBAAqB,EAAE,UAAU,EAAE,IAAI,EAAE,KAAK,EAAE,QAAQ,EAAE,OAAO,EAAE,MAAM,EACzE,YAAY,EAAE,MAAM,EAAE,sBAAsB,EAAE,MAAM,EAAE,WAAW,EACjE,SAAS,EAAE,MAAM,EAAE,QAAQ,EAAE,aAAa,EAAE,YAAY,EAAE,aAAa,EACvE,kBAAkB,EAAE,eAAe,EAAE,WAAW,EAAE,MAAM,EAAE,UAAU,EACpE,WAAW,EAAE,QAAQ,EAAE,KAAK,EAAE,SAAS,EAAE,WAAW,EAAE,QAAQ,EAAE,SAAS,EACzE,MAAM,EAAE,SAAS,EAAE,QAAQ,EAAE,MAAM,EAAE,eAAe,EAAE,gBAAgB,EACtE,YAAY,EAAE,cAAc,EAAE,OAAO,EAAE,kBAAkB,EAAE,YAAY,EACvE,gBAAgB,EAAE,WAAW,EAAE,YAAY,EAAE,QAAQ,EAAE,kBAAkB,EACzE,qBAAqB,EAAE,mBAAmB,EAAE,wBAAwB,EACpE,kBAAkB,EAAE,wBAAwB,EAAE,iBAAiB,EAC/D,YAAY,EAAE,MAAM,EAAE,UAAU,EAAE,iBAAiB,EAAE,WAAW,EAAE,OAAO,EACzE,WAAW,EAAE,UAAU,EAAE,OAAO,EAAE,cAAc,EAAE,UAAU,EAAE,OAAO,EACrE,YAAY,EAAE,WAAW,EAAE,wBAAwB,EAAE,OAAO,EAC5D,mBAAmB,EAAE,aAAa,EAAE,QAAQ,EAAE,WAAW,EAAE,UAAU,EAAE,IAAI,EAC3E,qBAAqB,EAAE,KAAK,EAAE,YAAY,EAAE,mBAAmB,EAC/D,yBAAyB,EAAE,oBAAoB,EAAE,UAAU,EAAE,aAAa,EAC1E,QAAQ,EAAE,IAAI,EAAE,iBAAiB,EAAE,gBAAgB,EAAE,OAAO,EAC5D,iBAAiB,EAAE,iBAAiB,EAAE,eAAe,EAAE,OAAO,EAAE,KAAK,EACrE,SAAS,EAAE,IAAI,EAAE,KAAK,EAAE,YAAY,EAAE,QAAQ,EAAE,MAAM,EAAE,SAAS,EACjE,aAAa,EAAE,qBAAqB,EAAE,cAAc,EAAE,eAAe,EACrE,sBAAsB,EAAE,OAAO,EAAE,MAAM,EAAE,IAAI,EAAE,mBAAmB,EAClE,oBAAoB,EAAE,sBAAsB,EAAE,mBAAmB,EACjE,6BAA6B,EAAE,UAAU,EAAE,QAAQ,EAAE,QAAQ,EAC7D,cAAc,EAAE,kBAAkB,EAAE,2BAA2B,EAAE,OAAO,EACxE,KAAK,EAAE,SAAS,EAAE,OAAO,EAAE,YAAY,EAAE,MAAM,EAAE,MAAM,EAAE,UAAU,EAAE,MAAM,EAC3E,mBAAmB,EAAE,UAAU,EAAE,MAAM,EAAE,aAAa,EAAE,YAAY,EACpE,aAAa,EAAE,gBAAgB,EAAE,GAAG,EAAE,KAAK,EAAE,WAAW,EAAE,SAAS,EACnE,SAAS,EAAE,gBAAgB,EAAE,mBAAmB,EAAE,sBAAsB,EACxE,KAAK,EAAE,qBAAqB,EAAE,iBAAiB,EAAE,WAAW,EAAE,YAAY,EAC1E,MAAM,EAAE,SAAS,EAAE,cAAc,EAAE,MAAM,EAAE,OAAO,EAAE,MAAM,EAAE,MAAM,EAAE,OAAO,EAC3E,OAAO,EAAE,YAAY,EAAE,YAAY,EAAE,WAAW,EAAE,SAAS,EAAE,UAAU,EACvE,kBAAkB,EAAE,kBAAkB,EAAE,UAAU,EAAE,QAAQ,EAAE,aAAa,EAC3E,UAAU,EAAE,MAAM,EAAE,cAAc,EAAE,YAAY,EAAE,oBAAoB,EACtE,mBAAmB,EAAE,kBAAkB,EAAE,OAAO,EAAE,QAAQ,EAAE,cAAc,EAC1E,OAAO,EAAE,QAAQ,EAAE,UAAU,EAAE,kBAAkB,EAAE,cAAc,EACjE,eAAe,EAAE,MAAM,EAAE,WAAW,EAAE,YAAY,EAAE,WAAW,EAAE,SAAS,EAC1E,6BAA6B,EAAE,cAAc,EAAE,KAAK,EAAE,UAAU,EAChE,oBAAoB,EAAE,WAAW,EAAE,IAAI,EAAE,MAAM,EAAE,SAAS,EAAE,aAAa,EACzE,UAAU,EAAE,eAAe,EAAE,SAAS,EAAE,kBAAkB,EAAE,UAAU,EACtE,gBAAgB,EAAE,YAAY,EAAE,mBAAmB,EAAE,MAAM,EAAE,UAAU,EACvE,gCAAgC,EAAE,OAAO,EAAE,cAAc,EAAE,GAAG,EAAE,IAAI,EACpE,OAAO,EAAE,SAAS,EAAE,SAAS,EAAE,MAAM,EAAE,QAAQ,EAAE,IAAI,EAAE,SAAS,EAChE,UAAU,EAAE,WAAW,EAAE,aAAa,EAAE,IAAI,EAAE,qBAAqB,EACnE,cAAc,EAAE,qBAAqB,EAAE,eAAe,EAAE,KAAK,EAC7D,kBAAkB,EAAE,YAAY,EAAE,YAAY,EAAE,WAAW,EAAE,aAAa,EAC1E,aAAa,EAAE,IAAI,EAAE,gBAAgB,EAAE,gBAAgB,EAAE,OAAO,EAChE,WAAW,EAAE,YAAY,EAAE,WAAW,EAAE,SAAS,EAAE,uBAAuB,EAC1E,cAAc,EAAE,kBAAkB,EAAE,YAAY,EAAE,OAAO,EAAE,MAAM,EAAE,QAAQ,EAC3E,SAAS,EAAE,SAAS,EAAE,SAAS,EAAE,iBAAiB,EAAE,WAAW,EAC/D,iBAAiB,EAAE,wBAAwB,EAAE,0BAA0B,EACvE,OAAO,EAAE,KAAK,EAAE,MAAM,EAAE,UAAU,EAAE,MAAM,EAAE,WAAW,EAAE,QAAQ,EAAE,OAAO,EAC1E,OAAO,EAAE,YAAY,EAAE,YAAY,EAAE,aAAa,EAAE,UAAU,EAC9D,YAAY,EAAE,YAAY,EAAE,QAAQ,EAAE,MAAM,EAAE,aAAa,EAAE,aAAa,EAC1E,SAAS,EAAE,eAAe,EAAE,OAAO,EAAE,aAAa,EAAE,OAAO,EAAE,aAAa,EAC1E,MAAM,EAAE,UAAU,EAAE,OAAO,EAAE,cAAc,EAAE,OAAO,EAAE,SAAS,EAC/D,yBAAyB,EAAE,UAAU,EAAE,QAAQ,EAAE,SAAS,EAAE,WAAW,EACvE,OAAO,EAAE,cAAc,EAAE,MAAM,EAAE,OAAO,EAAE,OAAO,EAAE,OAAO,EAAE,OAAO,EACnE,aAAa,EAAE,SAAS,EAAE,aAAa,EAAE,cAAc,EAAE,cAAc,EACvE,KAAK,EAAE,OAAO,EAAE,KAAK,EAAE,SAAS,EAAE,SAAS,EAAE,YAAY,EAAE,YAAY,EACvE,SAAS,EAAE,UAAU,EAAE,QAAQ,EAAE,YAAY,EAAE,UAAU,EACzD,kBAAkB,EAAE,QAAQ,EAAE,QAAQ,EAAE,MAAM,EAAE,WAAW,EAAE,cAAc,EAC3E,YAAY,EAAE,MAAM,EAAE,QAAQ,EAAE,gBAAgB,EAAE,SAAS,EAAE,MAAM,EACnE,gBAAgB,EAAE,eAAe,EAAE,SAAS,EAAE,IAAI,EAAE,gBAAgB,EACpE,QAAQ,EAAE,SAAS,EAAE,yBAAyB,EAAE,IAAI,EAAE,aAAa,EACnE,UAAU,EAAE,MAAM,EAAE,QAAQ,EAAE,OAAO,EAAE,WAAW,EAAE,WAAW,EAC/D,WAAW,EAAE,QAAQ,EAAE,gBAAgB,EAAE,UAAU,EAAE,UAAU,EAAE,QAAQ,EACzE,YAAY,EAAE,QAAQ,EAAE,MAAM,EAAE,QAAQ,EAAE,aAAa,EAAE,UAAU,EACnE,OAAO,EAAE,YAAY,EAAE,OAAO,EAAE,OAAO,EAAE,MAAM,EAAE,QAAQ,EAAE,OAAO,EAAE,MAAM,EAC1E,MAAM,EAAE,QAAQ,EAAE,iBAAiB,EAAE,KAAK,EAAE,kBAAkB,EAAE,KAAK,EACrE,OAAO,EAAE,UAAU,EAAE,QAAQ,EAAE,cAAc,EAAE,oBAAoB,EACnE,sBAAsB,EAAE,oBAAoB,EAAE,yBAAyB,EACvE,OAAO,EAAE,WAAW,EAAE,QAAQ,EAAE,YAAY,EAAE,aAAa,EAAE,OAAO,EACpE,WAAW,EAAE,SAAS,EAAE,OAAO,EAAE,OAAO,EAAE,aAAa,EAAE,WAAW,EACpE,SAAS,EAAE,KAAK,EAAE,QAAQ,EAAE,MAAM,EAAE,KAAK,EAAE,OAAO,EAAE,eAAe,EACnE,QAAQ,EAAE,WAAW,EAAE,UAAU,EAAE,UAAU,EAAE,iBAAiB,EAChE,eAAe,EAAE,SAAS,EAAE,gBAAgB,EAAE,WAAW,EAAE,UAAU,EACrE,MAAM,EAAE,OAAO,EAAE,OAAO,EAAE,SAAS,EAAE,mBAAmB,EACxD,kBAAkB,EAAE,MAAM,EAAE,gBAAgB,EAAE,YAAY,EAC1D,kBAAkB,EAAE,8BAA8B,EAClD,8BAA8B,EAAE,eAAe,EAAE,WAAW,EAAE,YAAY,EAC1E,OAAO,EAAE,SAAS,EAAE,wBAAwB,EAAE,QAAQ,EAAE,OAAO,EAAE,SAAS,EAC1E,oBAAoB,EAAE,OAAO,EAAE,aAAa,EAAE,aAAa,EAAE,cAAc,EAC3E,SAAS,EAAE,SAAS,EAAE,SAAS,EAAE,MAAM,EAAE,eAAe,EAAE,WAAW,EACrE,QAAQ,EAAE,MAAM,EAAE,KAAK,EAAE,WAAW,EAAE,oBAAoB,EAAE,WAAW,EACvE,QAAQ,EAAE,MAAM,EAAE,iBAAiB,EAAE,OAAO,EAAE,YAAY,EAAE,UAAU,EACtE,QAAQ,EAAE,OAAO,EAAE,QAAQ,EAAE,YAAY,EAAE,IAAI,EAAE,QAAQ,EAAE,aAAa,EACxE,QAAQ,EAAE,QAAQ,EAAE,KAAK,EAAE,QAAQ,EAAE,SAAS,EAAE,eAAe,EAAE,OAAO,EACxE,QAAQ,EAAE,MAAM,EAAE,yBAAyB,EAAE,kBAAkB,EAAE,SAAS,EAC1E,SAAS,EAAE,YAAY,EAAE,WAAW,EAAE,QAAQ,EAAE,gBAAgB,EAChE,eAAe,EAAE,OAAO,EAAE,SAAS,EAAE,QAAQ,EAAE,OAAO,EAAE,QAAQ,EAAE,IAAI,EACtE,2BAA2B,EAAE,KAAK,EAAE,YAAY,EAAE,uBAAuB,EACzE,yBAAyB,EAAE,OAAO,EAAE,OAAO,EAAE,OAAO,EAAE,OAAO,EAAE,OAAO,EACtE,OAAO,EAAE,OAAO,EAAE,OAAO,EAAE,OAAO,EAAE,OAAO,EAAE,OAAO,EAAE,IAAI,EAAE,UAAU,EACtE,UAAU,EAAE,UAAU,EAAE,QAAQ,EAAE,IAAI,EAAE,IAAI,EAAE,GAAG,EAAE,wBAAwB,EAC3E,KAAK,EAAE,gBAAgB,EAAE,cAAc,EAAE,YAAY,EAAE,QAAQ,EAAE,OAAO,EACxE,SAAS,EAAE,IAAI,EAAE,SAAS,EAAE,sBAAsB,EAAE,qBAAqB,EACzE,SAAS,EAAE,OAAO,EAAE,eAAe,EAAE,YAAY,EAAE,MAAM,EAAE,WAAW,EACtE,sBAAsB,EAAE,qBAAqB,EAAE,IAAI,EAAE,OAAO,EAAE,SAAS,EACvE,OAAO,EAAE,QAAQ,EAAE,YAAY,EAAE,kBAAkB,EAAE,cAAc,EACnE,cAAc,EAAE,cAAc,EAAE,qBAAqB,EAAE,YAAY,EACnE,YAAY,EAAE,MAAM,EAAE,MAAM,EAAE,OAAO,EAAE,gBAAgB,EAAE,YAAY,EACrE,QAAQ,EAAE,SAAS,EAAE,QAAQ,EAAE,GAAG,EAAE,cAAc,EAAE,KAAK,EAAE,KAAK,EAAE,KAAK,EACvE,MAAM,EAAE,KAAK,EAAE,cAAc,CAC9B,CAAC","file":"/client/scripts/main.js.map","sourcesContent":["/**\n * Meteor Client JS\n */\nMeteor.subscribe('usersData');\nMeteor.subscribe('chatDialog');\n\nvar emojiLists = ['+1', '-1', '100', '1234', '8ball', 'a', 'ab', 'abc', 'abcd',\n  'accept', 'aerial_tramway', 'airplane', 'alarm_clock', 'alien', 'ambulance',\n  'anchor', 'angel', 'anger', 'angry', 'anguished', 'ant', 'apple',\n  'aquarius', 'aries', 'arrow_backward', 'arrow_double_down',\n  'arrow_double_up', 'arrow_down', 'arrow_down_small', 'arrow_forward',\n  'arrow_heading_down', 'arrow_heading_up', 'arrow_left', 'arrow_lower_left',\n  'arrow_lower_right', 'arrow_right', 'arrow_right_hook', 'arrow_up',\n  'arrow_up_down', 'arrow_up_small', 'arrow_upper_left', 'arrow_upper_right',\n  'arrows_clockwise', 'arrows_counterclockwise', 'art', 'articulated_lorry',\n  'astonished', 'atm', 'b', 'baby', 'baby_bottle', 'baby_chick',\n  'baby_symbol', 'baggage_claim', 'balloon', 'ballot_box_with_check',\n  'bamboo', 'banana', 'bangbang', 'bank', 'bar_chart', 'barber', 'baseball',\n  'basketball', 'bath', 'bathtub', 'battery', 'bear', 'bee', 'beer', 'beers',\n  'beetle', 'beginner', 'bell', 'bento', 'bicyclist', 'bike', 'bikini',\n  'bird', 'birthday', 'black_circle', 'black_joker', 'black_nib',\n  'black_square', 'black_square_button', 'blossom', 'blowfish', 'blue_book',\n  'blue_car', 'blue_heart', 'blush', 'boar', 'boat', 'bomb', 'book',\n  'bookmark', 'bookmark_tabs', 'books', 'boom', 'boot', 'bouquet', 'bow',\n  'bowling', 'bowtie', 'boy', 'bread', 'bride_with_veil', 'bridge_at_night',\n  'briefcase', 'broken_heart', 'bug', 'bulb', 'bullettrain_front',\n  'bullettrain_side', 'bus', 'busstop', 'bust_in_silhouette',\n  'busts_in_silhouette', 'cactus', 'cake', 'calendar', 'calling', 'camel',\n  'camera', 'cancer', 'candy', 'capital_abcd', 'capricorn', 'car',\n  'card_index', 'carousel_horse', 'cat', 'cat2', 'cd', 'chart',\n  'chart_with_downwards_trend', 'chart_with_upwards_trend', 'checkered_flag',\n  'cherries', 'cherry_blossom', 'chestnut', 'chicken', 'children_crossing',\n  'chocolate_bar', 'christmas_tree', 'church', 'cinema', 'circus_tent',\n  'city_sunrise', 'city_sunset', 'cl', 'clap', 'clapper', 'clipboard',\n  'clock1', 'clock10', 'clock1030', 'clock11', 'clock1130', 'clock12',\n  'clock1230', 'clock130', 'clock2', 'clock230', 'clock3', 'clock330',\n  'clock4', 'clock430', 'clock5', 'clock530', 'clock6', 'clock630', 'clock7',\n  'clock730', 'clock8', 'clock830', 'clock9', 'clock930', 'closed_book',\n  'closed_lock_with_key', 'closed_umbrella', 'cloud', 'clubs', 'cn',\n  'cocktail', 'coffee', 'cold_sweat', 'collision', 'computer',\n  'confetti_ball', 'confounded', 'confused', 'congratulations',\n  'construction', 'construction_worker', 'convenience_store', 'cookie',\n  'cool', 'cop', 'copyright', 'corn', 'couple', 'couple_with_heart',\n  'couplekiss', 'cow', 'cow2', 'credit_card', 'crocodile', 'crossed_flags',\n  'crown', 'cry', 'crying_cat_face', 'crystal_ball', 'cupid', 'curly_loop',\n  'currency_exchange', 'curry', 'custard', 'customs', 'cyclone', 'dancer',\n  'dancers', 'dango', 'dart', 'dash', 'date', 'de', 'deciduous_tree',\n  'department_store', 'diamond_shape_with_a_dot_inside', 'diamonds',\n  'disappointed', 'disappointed_relieved', 'dizzy', 'dizzy_face',\n  'do_not_litter', 'dog', 'dog2', 'dollar', 'dolls', 'dolphin', 'donut',\n  'door', 'doughnut', 'dragon', 'dragon_face', 'dress', 'dromedary_camel',\n  'droplet', 'dvd', 'e-mail', 'ear', 'ear_of_rice', 'earth_africa',\n  'earth_americas', 'earth_asia', 'egg', 'eggplant', 'eight',\n  'eight_pointed_black_star', 'eight_spoked_asterisk', 'electric_plug',\n  'elephant', 'email', 'end', 'envelope', 'es', 'euro', 'european_castle',\n  'european_post_office', 'evergreen_tree', 'exclamation', 'expressionless',\n  'eyeglasses', 'eyes', 'facepunch', 'factory', 'fallen_leaf', 'family',\n  'fast_forward', 'fax', 'fearful', 'feelsgood', 'feet', 'ferris_wheel',\n  'file_folder', 'finnadie', 'fire', 'fire_engine', 'fireworks',\n  'first_quarter_moon', 'first_quarter_moon_with_face', 'fish', 'fish_cake',\n  'fishing_pole_and_fish', 'fist', 'five', 'flags', 'flashlight',\n  'floppy_disk', 'flower_playing_cards', 'flushed', 'foggy', 'football',\n  'fork_and_knife', 'fountain', 'four', 'four_leaf_clover', 'fr', 'free',\n  'fried_shrimp', 'fries', 'frog', 'frowning', 'fu', 'fuelpump', 'full_moon',\n  'full_moon_with_face', 'game_die', 'gb', 'gem', 'gemini', 'ghost', 'gift',\n  'gift_heart', 'girl', 'globe_with_meridians', 'goat', 'goberserk',\n  'godmode', 'golf', 'grapes', 'green_apple', 'green_book', 'green_heart',\n  'grey_exclamation', 'grey_question', 'grimacing', 'grin', 'grinning',\n  'guardsman', 'guitar', 'gun', 'haircut', 'hamburger', 'hammer', 'hamster',\n  'hand', 'handbag', 'hankey', 'hash', 'hatched_chick', 'hatching_chick',\n  'headphones', 'hear_no_evil', 'heart', 'heart_decoration', 'heart_eyes',\n  'heart_eyes_cat', 'heartbeat', 'heartpulse', 'hearts', 'heavy_check_mark',\n  'heavy_division_sign', 'heavy_dollar_sign', 'heavy_exclamation_mark',\n  'heavy_minus_sign', 'heavy_multiplication_x', 'heavy_plus_sign',\n  'helicopter', 'herb', 'hibiscus', 'high_brightness', 'high_heel', 'hocho',\n  'honey_pot', 'honeybee', 'horse', 'horse_racing', 'hospital', 'hotel',\n  'hotsprings', 'hourglass', 'hourglass_flowing_sand', 'house',\n  'house_with_garden', 'hurtrealbad', 'hushed', 'ice_cream', 'icecream', 'id',\n  'ideograph_advantage', 'imp', 'inbox_tray', 'incoming_envelope',\n  'information_desk_person', 'information_source', 'innocent', 'interrobang',\n  'iphone', 'it', 'izakaya_lantern', 'jack_o_lantern', 'japan',\n  'japanese_castle', 'japanese_goblin', 'japanese_ogre', 'jeans', 'joy',\n  'joy_cat', 'jp', 'key', 'keycap_ten', 'kimono', 'kiss', 'kissing',\n  'kissing_cat', 'kissing_closed_eyes', 'kissing_face', 'kissing_heart',\n  'kissing_smiling_eyes', 'koala', 'koko', 'kr', 'large_blue_circle',\n  'large_blue_diamond', 'large_orange_diamond', 'last_quarter_moon',\n  'last_quarter_moon_with_face', 'laughing', 'leaves', 'ledger',\n  'left_luggage', 'left_right_arrow', 'leftwards_arrow_with_hook', 'lemon',\n  'leo', 'leopard', 'libra', 'light_rail', 'link', 'lips', 'lipstick', 'lock',\n  'lock_with_ink_pen', 'lollipop', 'loop', 'loudspeaker', 'love_hotel',\n  'love_letter', 'low_brightness', 'm', 'mag', 'mag_right', 'mahjong',\n  'mailbox', 'mailbox_closed', 'mailbox_with_mail', 'mailbox_with_no_mail',\n  'man', 'man_with_gua_pi_mao', 'man_with_turban', 'mans_shoe', 'maple_leaf',\n  'mask', 'massage', 'meat_on_bone', 'mega', 'melon', 'memo', 'mens', 'metal',\n  'metro', 'microphone', 'microscope', 'milky_way', 'minibus', 'minidisc',\n  'mobile_phone_off', 'money_with_wings', 'moneybag', 'monkey', 'monkey_face',\n  'monorail', 'moon', 'mortar_board', 'mount_fuji', 'mountain_bicyclist',\n  'mountain_cableway', 'mountain_railway', 'mouse', 'mouse2', 'movie_camera',\n  'moyai', 'muscle', 'mushroom', 'musical_keyboard', 'musical_note',\n  'musical_score', 'mute', 'nail_care', 'name_badge', 'neckbeard', 'necktie',\n  'negative_squared_cross_mark', 'neutral_face', 'new', 'new_moon',\n  'new_moon_with_face', 'newspaper', 'ng', 'nine', 'no_bell', 'no_bicycles',\n  'no_entry', 'no_entry_sign', 'no_good', 'no_mobile_phones', 'no_mouth',\n  'no_pedestrians', 'no_smoking', 'non-potable_water', 'nose', 'notebook',\n  'notebook_with_decorative_cover', 'notes', 'nut_and_bolt', 'o', 'o2',\n  'ocean', 'octocat', 'octopus', 'oden', 'office', 'ok', 'ok_hand',\n  'ok_woman', 'older_man', 'older_woman', 'on', 'oncoming_automobile',\n  'oncoming_bus', 'oncoming_police_car', 'oncoming_taxi', 'one',\n  'open_file_folder', 'open_hands', 'open_mouth', 'ophiuchus', 'orange_book',\n  'outbox_tray', 'ox', 'page_facing_up', 'page_with_curl', 'pager',\n  'palm_tree', 'panda_face', 'paperclip', 'parking', 'part_alternation_mark',\n  'partly_sunny', 'passport_control', 'paw_prints', 'peach', 'pear', 'pencil',\n  'pencil2', 'penguin', 'pensive', 'performing_arts', 'persevere',\n  'person_frowning', 'person_with_blond_hair', 'person_with_pouting_face',\n  'phone', 'pig', 'pig2', 'pig_nose', 'pill', 'pineapple', 'pisces', 'pizza',\n  'plus1', 'point_down', 'point_left', 'point_right', 'point_up',\n  'point_up_2', 'police_car', 'poodle', 'poop', 'post_office', 'postal_horn',\n  'postbox', 'potable_water', 'pouch', 'poultry_leg', 'pound', 'pouting_cat',\n  'pray', 'princess', 'punch', 'purple_heart', 'purse', 'pushpin',\n  'put_litter_in_its_place', 'question', 'rabbit', 'rabbit2', 'racehorse',\n  'radio', 'radio_button', 'rage', 'rage1', 'rage2', 'rage3', 'rage4',\n  'railway_car', 'rainbow', 'raised_hand', 'raised_hands', 'raising_hand',\n  'ram', 'ramen', 'rat', 'recycle', 'red_car', 'red_circle', 'registered',\n  'relaxed', 'relieved', 'repeat', 'repeat_one', 'restroom',\n  'revolving_hearts', 'rewind', 'ribbon', 'rice', 'rice_ball', 'rice_cracker',\n  'rice_scene', 'ring', 'rocket', 'roller_coaster', 'rooster', 'rose',\n  'rotating_light', 'round_pushpin', 'rowboat', 'ru', 'rugby_football',\n  'runner', 'running', 'running_shirt_with_sash', 'sa', 'sagittarius',\n  'sailboat', 'sake', 'sandal', 'santa', 'satellite', 'satisfied',\n  'saxophone', 'school', 'school_satchel', 'scissors', 'scorpius', 'scream',\n  'scream_cat', 'scroll', 'seat', 'secret', 'see_no_evil', 'seedling',\n  'seven', 'shaved_ice', 'sheep', 'shell', 'ship', 'shipit', 'shirt', 'shit',\n  'shoe', 'shower', 'signal_strength', 'six', 'six_pointed_star', 'ski',\n  'skull', 'sleeping', 'sleepy', 'slot_machine', 'small_blue_diamond',\n  'small_orange_diamond', 'small_red_triangle', 'small_red_triangle_down',\n  'smile', 'smile_cat', 'smiley', 'smiley_cat', 'smiling_imp', 'smirk',\n  'smirk_cat', 'smoking', 'snail', 'snake', 'snowboarder', 'snowflake',\n  'snowman', 'sob', 'soccer', 'soon', 'sos', 'sound', 'space_invader',\n  'spades', 'spaghetti', 'sparkler', 'sparkles', 'sparkling_heart',\n  'speak_no_evil', 'speaker', 'speech_balloon', 'speedboat', 'squirrel',\n  'star', 'star2', 'stars', 'station', 'statue_of_liberty',\n  'steam_locomotive', 'stew', 'straight_ruler', 'strawberry',\n  'stuck_out_tongue', 'stuck_out_tongue_closed_eyes',\n  'stuck_out_tongue_winking_eye', 'sun_with_face', 'sunflower', 'sunglasses',\n  'sunny', 'sunrise', 'sunrise_over_mountains', 'surfer', 'sushi', 'suspect',\n  'suspension_railway', 'sweat', 'sweat_drops', 'sweat_smile', 'sweet_potato',\n  'swimmer', 'symbols', 'syringe', 'tada', 'tanabata_tree', 'tangerine',\n  'taurus', 'taxi', 'tea', 'telephone', 'telephone_receiver', 'telescope',\n  'tennis', 'tent', 'thought_balloon', 'three', 'thumbsdown', 'thumbsup',\n  'ticket', 'tiger', 'tiger2', 'tired_face', 'tm', 'toilet', 'tokyo_tower',\n  'tomato', 'tongue', 'top', 'tophat', 'tractor', 'traffic_light', 'train',\n  'train2', 'tram', 'triangular_flag_on_post', 'triangular_ruler', 'trident',\n  'triumph', 'trolleybus', 'trollface', 'trophy', 'tropical_drink',\n  'tropical_fish', 'truck', 'trumpet', 'tshirt', 'tulip', 'turtle', 'tv',\n  'twisted_rightwards_arrows', 'two', 'two_hearts', 'two_men_holding_hands',\n  'two_women_holding_hands', 'u5272', 'u5408', 'u55b6', 'u6307', 'u6708',\n  'u6709', 'u6e80', 'u7121', 'u7533', 'u7981', 'u7a7a', 'uk', 'umbrella',\n  'unamused', 'underage', 'unlock', 'up', 'us', 'v', 'vertical_traffic_light',\n  'vhs', 'vibration_mode', 'video_camera', 'video_game', 'violin', 'virgo',\n  'volcano', 'vs', 'walking', 'waning_crescent_moon', 'waning_gibbous_moon',\n  'warning', 'watch', 'water_buffalo', 'watermelon', 'wave', 'wavy_dash',\n  'waxing_crescent_moon', 'waxing_gibbous_moon', 'wc', 'weary', 'wedding',\n  'whale', 'whale2', 'wheelchair', 'white_check_mark', 'white_circle',\n  'white_flower', 'white_square', 'white_square_button', 'wind_chime',\n  'wine_glass', 'wink', 'wolf', 'woman', 'womans_clothes', 'womans_hat',\n  'womens', 'worried', 'wrench', 'x', 'yellow_heart', 'yen', 'yum', 'zap',\n  'zero', 'zzz', 'simple_smile'\n];\n"]},"hash":"eed41b6fc3ab09559598e74ae4fbbf1b30aa777c"}
