{"metadata":{"modules":{"imports":[],"exports":{"exported":[],"specifiers":[]}},"usedHelpers":[]},"ignored":false,"code":"// -- users data --\nMeteor.publish(\"usersData\", function () {\n  if (this.userId) {\n    return Meteor.users.find({}, {\n      fields: {\n        profile: 1\n      }\n    });\n  }\n});\n\n// -- chat dialog --\nMeteor.publish(\"chatDialog\", function () {\n  return Chats.find({\n    $or: [{\n      user1Id: this.userId\n    }, {\n      user2Id: this.userId\n    }]\n  });\n});\n\n// -- Emoji lib --\nMeteor.publish('emojis', function () {\n  // Here you can choose to publish a subset of all emojis\n  // if you'd like to.\n  return Emojis.find();\n});","ast":null,"map":{"version":3,"sources":["/server/publish.js"],"names":[],"mappings":";AACA,MAAM,CAAC,OAAO,CAAC,WAAW,EAAE,YAAW;AACrC,MAAI,IAAI,CAAC,MAAM,EAAE;AACf,WAAO,MAAM,CAAC,KAAK,CAAC,IAAI,CAAC,EAAE,EAAE;AAC3B,YAAM,EAAE;AACN,eAAO,EAAE,CAAC;OACX;KACF,CAAC,CAAC;GACJ;CACF,CAAC,CAAC;;;AAGH,MAAM,CAAC,OAAO,CAAC,YAAY,EAAE,YAAW;AACtC,SAAO,KAAK,CAAC,IAAI,CAAC;AAChB,OAAG,EAAE,CAAC;AACJ,aAAO,EAAE,IAAI,CAAC,MAAM;KACrB,EAAE;AACD,aAAO,EAAE,IAAI,CAAC,MAAM;KACrB,CAAC;GACH,CAAC,CAAC;CACJ,CAAC,CAAC;;;AAGH,MAAM,CAAC,OAAO,CAAC,QAAQ,EAAE,YAAW;;;AAGlC,SAAO,MAAM,CAAC,IAAI,EAAE,CAAC;CACtB,CAAC,CAAC","file":"/server/publish.js.map","sourcesContent":["// -- users data --\nMeteor.publish(\"usersData\", function() {\n  if (this.userId) {\n    return Meteor.users.find({}, {\n      fields: {\n        profile: 1\n      }\n    });\n  }\n});\n\n// -- chat dialog --\nMeteor.publish(\"chatDialog\", function() {\n  return Chats.find({\n    $or: [{\n      user1Id: this.userId\n    }, {\n      user2Id: this.userId\n    }]\n  });\n});\n\n// -- Emoji lib --\nMeteor.publish('emojis', function() {\n  // Here you can choose to publish a subset of all emojis\n  // if you'd like to.\n  return Emojis.find();\n});\n"]},"hash":"2debb4de52a1b798d2d7a24fe5742ae0d0da0458"}
