{"metadata":{"modules":{"imports":[],"exports":{"exported":[],"specifiers":[]}},"usedHelpers":[]},"ignored":false,"code":"/**\n * Meteor Client JS\n */\nMeteor.subscribe('usersData', function () {\n  return Meteor.users.find();\n});\nMeteor.subscribe('chatDialog', function () {\n  return Chats.find();\n});","ast":null,"map":{"version":3,"sources":["/client/scripts/main.js"],"names":[],"mappings":";;;AAGA,MAAM,CAAC,SAAS,CAAC,WAAW,EAAE,YAAW;AACvC,SAAO,MAAM,CAAC,KAAK,CAAC,IAAI,EAAE,CAAC;CAC5B,CAAC,CAAC;AACH,MAAM,CAAC,SAAS,CAAC,YAAY,EAAE,YAAW;AACxC,SAAO,KAAK,CAAC,IAAI,EAAE,CAAC;CACrB,CAAC,CAAC","file":"/client/scripts/main.js.map","sourcesContent":["/**\n * Meteor Client JS\n */\nMeteor.subscribe('usersData', function() {\n  return Meteor.users.find();\n});\nMeteor.subscribe('chatDialog', function() {\n  return Chats.find();\n});\n"]},"hash":"e75d054bfafc6915851da3112112f5160bcde32e"}
