{"metadata":{"modules":{"imports":[],"exports":{"exported":[],"specifiers":[]}},"usedHelpers":[]},"ignored":false,"code":"/**\n * Meteor Client JS\n */\nMeteor.subscribe('usersData', function () {\n  return Meteor.users.find();\n});\n\nMeteor.subscribe('chatDialog', function () {\n  return Chats.find({\n    $or: [{\n      user1Id: this.userId\n    }, {\n      user2Id: this.userId\n    }]\n  });\n});","ast":null,"map":{"version":3,"sources":["/client/scripts/main.js"],"names":[],"mappings":";;;AAGA,MAAM,CAAC,SAAS,CAAC,WAAW,EAAE,YAAW;AACvC,SAAO,MAAM,CAAC,KAAK,CAAC,IAAI,EAAE,CAAC;CAC5B,CAAC,CAAC;;AAEH,MAAM,CAAC,SAAS,CAAC,YAAY,EAAE,YAAW;AACxC,SAAO,KAAK,CAAC,IAAI,CAAC;AAChB,OAAG,EAAE,CAAC;AACJ,aAAO,EAAE,IAAI,CAAC,MAAM;KACrB,EAAE;AACD,aAAO,EAAE,IAAI,CAAC,MAAM;KACrB,CAAC;GACH,CAAC,CAAC;CACJ,CAAC,CAAC","file":"/client/scripts/main.js.map","sourcesContent":["/**\n * Meteor Client JS\n */\nMeteor.subscribe('usersData', function() {\n  return Meteor.users.find();\n});\n\nMeteor.subscribe('chatDialog', function() {\n  return Chats.find({\n    $or: [{\n      user1Id: this.userId\n    }, {\n      user2Id: this.userId\n    }]\n  });\n});\n"]},"hash":"f57aa24b72a68aca18a796ddbeee38fd50e83014"}
