{"metadata":{"modules":{"imports":[],"exports":{"exported":[],"specifiers":[]}},"usedHelpers":[]},"ignored":false,"code":"/**\n * Meteor Client Available User List Template JS\n */\nTemplate.available_user_list.helpers({\n  loginUser: function () {\n    return Meteor.users.findOne({ _id: Meteor.userId() });\n  },\n  otherUsers: function () {\n    return Meteor.users.find({ _id: { $ne: Meteor.userId() } });\n  }\n});","ast":null,"map":{"version":3,"sources":["/client/scripts/available_user_list.js"],"names":[],"mappings":";;;AAGA,QAAQ,CAAC,mBAAmB,CAAC,OAAO,CAAC;AACnC,WAAS,EAAE,YAAW;AAClB,WAAO,MAAM,CAAC,KAAK,CAAC,OAAO,CAAC,EAAC,GAAG,EAAE,MAAM,CAAC,MAAM,EAAE,EAAC,CAAC,CAAC;GACvD;AACD,YAAU,EAAE,YAAW;AACrB,WAAO,MAAM,CAAC,KAAK,CAAC,IAAI,CAAC,EAAC,GAAG,EAAE,EAAE,GAAG,EAAE,MAAM,CAAC,MAAM,EAAE,EAAC,EAAC,CAAC,CAAC;GAC1D;CACF,CAAC,CAAA","file":"/client/scripts/available_user_list.js.map","sourcesContent":["/**\n * Meteor Client Available User List Template JS\n */\nTemplate.available_user_list.helpers({\n  loginUser: function() {\n      return Meteor.users.findOne({_id: Meteor.userId()});\n  },\n  otherUsers: function() {\n    return Meteor.users.find({_id: { $ne: Meteor.userId()}});\n  },\n})\n"]},"hash":"04434e71266ab5eca75b72ae304d3319b3fd906d"}
