{"metadata":{"modules":{"imports":[],"exports":{"exported":[],"specifiers":[]}},"usedHelpers":[]},"ignored":false,"code":"/**\n * Meteor Server - Start-up JS\n */\n\n// start up script that creates some users for testing\n// users have the username 'user1@test.com' .. 'user8@test.com'\n// and the password test123\nMeteor.startup(function () {\n  if (!Meteor.users.findOne()) {\n    for (var i = 1; i < 9; i++) {\n      var email = \"user\" + i + \"@test.com\";\n      var username = \"user\" + i;\n      var avatar = \"ava\" + i + \".png\";\n      console.log(\"creating a user with password 'test123' and username/ email: \" + email);\n      Meteor.users.insert({\n        username: username,\n        profile: {\n          username: username,\n          avatar: avatar\n        },\n        emails: [{\n          address: email\n        }],\n        services: {\n          password: {\n            \"bcrypt\": \"$2a$10$I3erQ084OiyILTv8ybtQ4ON6wusgPbMZ6.P33zzSDei.BbDL.Q4EO\"\n          }\n        }\n      });\n    }\n  }\n});","ast":null,"map":{"version":3,"sources":["/server/startup.js"],"names":[],"mappings":";;;;;;;AAOA,MAAM,CAAC,OAAO,CAAC,YAAW;AACxB,MAAI,CAAC,MAAM,CAAC,KAAK,CAAC,OAAO,EAAE,EAAE;AAC3B,SAAK,IAAI,CAAC,GAAG,CAAC,EAAE,CAAC,GAAG,CAAC,EAAE,CAAC,EAAE,EAAE;AAC1B,UAAI,KAAK,GAAG,MAAM,GAAG,CAAC,GAAG,WAAW,CAAC;AACrC,UAAI,QAAQ,GAAG,MAAM,GAAG,CAAC,CAAC;AAC1B,UAAI,MAAM,GAAG,KAAK,GAAG,CAAC,GAAG,MAAM,CAAA;AAC/B,aAAO,CAAC,GAAG,CACT,+DAA+D,GAC/D,KAAK,CAAC,CAAC;AACT,YAAM,CAAC,KAAK,CAAC,MAAM,CAAC;AAClB,gBAAQ,EAAE,QAAQ;AAClB,eAAO,EAAE;AACP,kBAAQ,EAAE,QAAQ;AAClB,gBAAM,EAAE,MAAM;SACf;AACD,cAAM,EAAE,CAAC;AACP,iBAAO,EAAE,KAAK;SACf,CAAC;AACF,gBAAQ,EAAE;AACR,kBAAQ,EAAE;AACR,oBAAQ,EAAE,8DAA8D;WACzE;SACF;OACF,CAAC,CAAC;KACJ;GACF;CACF,CAAC,CAAC","file":"/server/startup.js.map","sourcesContent":["/**\n * Meteor Server - Start-up JS\n */\n\n// start up script that creates some users for testing\n// users have the username 'user1@test.com' .. 'user8@test.com'\n// and the password test123\nMeteor.startup(function() {\n  if (!Meteor.users.findOne()) {\n    for (var i = 1; i < 9; i++) {\n      var email = \"user\" + i + \"@test.com\";\n      var username = \"user\" + i;\n      var avatar = \"ava\" + i + \".png\"\n      console.log(\n        \"creating a user with password 'test123' and username/ email: \" +\n        email);\n      Meteor.users.insert({\n        username: username,\n        profile: {\n          username: username,\n          avatar: avatar\n        },\n        emails: [{\n          address: email\n        }],\n        services: {\n          password: {\n            \"bcrypt\": \"$2a$10$I3erQ084OiyILTv8ybtQ4ON6wusgPbMZ6.P33zzSDei.BbDL.Q4EO\"\n          }\n        }\n      });\n    }\n  }\n});\n"]},"hash":"b61de498d12bf72749c14f3108826f6e74ac2ba1"}
