{"metadata":{"modules":{"imports":[],"exports":{"exported":[],"specifiers":[]}},"usedHelpers":[]},"ignored":false,"code":"/**\r\n* -- Meteor DB colelctions --\r\n*/\nWebsites = new Mongo.Collection(\"websites\");","ast":null,"map":{"version":3,"sources":["/lib/collections.js"],"names":[],"mappings":";;;AAGA,QAAQ,GAAG,IAAI,KAAK,CAAC,UAAU,CAAC,UAAU,CAAC,CAAC","file":"/lib/collections.js.map","sourcesContent":["/**\r\n* -- Meteor DB colelctions --\r\n*/\r\nWebsites = new Mongo.Collection(\"websites\");\r\n"]},"hash":"2391dcb9a5f49f07b3958a0290d6a61bea04434c"}
