{"metadata":{"modules":{"imports":[],"exports":{"exported":[],"specifiers":[]}},"usedHelpers":[]},"ignored":false,"code":"// -- helper function for websites lists --\nTemplate.website_list.helpers({\n  websites: function () {\n    return Websites.find({});\n  }\n});","ast":null,"map":{"version":3,"sources":["/client/scripts/website_list.js"],"names":[],"mappings":";AACA,QAAQ,CAAC,YAAY,CAAC,OAAO,CAAC;AAC5B,UAAQ,EAAC,YAAU;AACjB,WAAO,QAAQ,CAAC,IAAI,CAAC,EAAE,CAAC,CAAC;GAC1B;CACF,CAAC,CAAC","file":"/client/scripts/website_list.js.map","sourcesContent":["// -- helper function for websites lists -- \r\nTemplate.website_list.helpers({\r\n  websites:function(){\r\n    return Websites.find({});\r\n  }\r\n});\r\n"]},"hash":"41c3475794eaddbdacdde479fb5ecee165bfb802"}
