{"metadata":{"modules":{"imports":[],"exports":{"exported":[],"specifiers":[]}},"usedHelpers":[]},"ignored":false,"code":"// -- helper function for websites form --\nTemplate.website_form.events({\n    \"click .js-toggle-website-form\": function (event) {\n        $(\"#website_form\").toggle('slow');\n    },\n    \"submit .js-save-website-form\": function (event) {\n\n        // here is an example of how to get the url out of the form:\n        var url = event.target.url.value;\n        console.log(\"The url they entered is: \" + url);\n\n        //  put your website saving code in here!\n\n        return false; // stop the form submit from reloading the page\n    }\n});","ast":null,"map":{"version":3,"sources":["/client/scripts/website_form.js"],"names":[],"mappings":";AACA,QAAQ,CAAC,YAAY,CAAC,MAAM,CAAC;AAC3B,mCAA+B,EAAC,UAAS,KAAK,EAAC;AAC7C,SAAC,CAAC,eAAe,CAAC,CAAC,MAAM,CAAC,MAAM,CAAC,CAAC;KACnC;AACD,kCAA8B,EAAC,UAAS,KAAK,EAAC;;;AAG5C,YAAI,GAAG,GAAG,KAAK,CAAC,MAAM,CAAC,GAAG,CAAC,KAAK,CAAC;AACjC,eAAO,CAAC,GAAG,CAAC,2BAA2B,GAAC,GAAG,CAAC,CAAC;;;;AAI7C,eAAO,KAAK,CAAC;KAEd;CACF,CAAC,CAAC","file":"/client/scripts/website_form.js.map","sourcesContent":["// -- helper function for websites form --\r\nTemplate.website_form.events({\r\n  \"click .js-toggle-website-form\":function(event){\r\n    $(\"#website_form\").toggle('slow');\r\n  },\r\n  \"submit .js-save-website-form\":function(event){\r\n\r\n    // here is an example of how to get the url out of the form:\r\n    var url = event.target.url.value;\r\n    console.log(\"The url they entered is: \"+url);\r\n\r\n    //  put your website saving code in here!\r\n\r\n    return false;// stop the form submit from reloading the page\r\n\r\n  }\r\n});\r\n"]},"hash":"46e1f8ad0baa38a8b1c5ed69943cc75574ad1169"}
