{"metadata":{"modules":{"imports":[],"exports":{"exported":[],"specifiers":[]}},"usedHelpers":[]},"ignored":false,"code":"// -- helper function for websites lists in landing_page --\nTemplate.landing_page.helpers({\n  websites: function () {\n    return Websites.find({});\n  }\n});","ast":null,"map":{"version":3,"sources":["/client/scripts/landing_page.js"],"names":[],"mappings":";AACA,QAAQ,CAAC,YAAY,CAAC,OAAO,CAAC;AAC5B,UAAQ,EAAC,YAAU;AACjB,WAAO,QAAQ,CAAC,IAAI,CAAC,EAAE,CAAC,CAAC;GAC1B;CACF,CAAC,CAAC","file":"/client/scripts/landing_page.js.map","sourcesContent":["// -- helper function for websites lists in landing_page -- \r\nTemplate.landing_page.helpers({\r\n  websites:function(){\r\n    return Websites.find({});\r\n  }\r\n});\r\n"]},"hash":"49279c8459d4d1172224a6375d6df825cd45f2ae"}
