{"metadata":{"modules":{"imports":[],"exports":{"exported":[],"specifiers":[]}},"usedHelpers":[]},"ignored":false,"code":"// start up function that creates entries in the Websites databases.\nMeteor.startup(function () {\n\t// code to run on server at startup\n\tif (!Websites.findOne()) {\n\t\tconsole.log(\"No websites yet. Creating starter data.\");\n\t\tWebsites.insert({\n\t\t\ttitle: \"Goldsmiths Computing Department\",\n\t\t\turl: \"http://www.gold.ac.uk/computing/\",\n\t\t\tdescription: \"This is where this course was developed.\",\n\t\t\tcreatedOn: new Date()\n\t\t});\n\t\tWebsites.insert({\n\t\t\ttitle: \"University of London\",\n\t\t\turl: \"http://www.londoninternational.ac.uk/courses/undergraduate/goldsmiths/bsc-creative-computing-bsc-diploma-work-entry-route\",\n\t\t\tdescription: \"University of London International Programme.\",\n\t\t\tcreatedOn: new Date()\n\t\t});\n\t\tWebsites.insert({\n\t\t\ttitle: \"Coursera\",\n\t\t\turl: \"http://www.coursera.org\",\n\t\t\tdescription: \"Universal access to the world’s best education.\",\n\t\t\tcreatedOn: new Date()\n\t\t});\n\t\tWebsites.insert({\n\t\t\ttitle: \"Google\",\n\t\t\turl: \"http://www.google.com\",\n\t\t\tdescription: \"Popular search engine.\",\n\t\t\tcreatedOn: new Date()\n\t\t});\n\t}\n});","ast":null,"map":{"version":3,"sources":["/server/startup.js"],"names":[],"mappings":";AACC,MAAM,CAAC,OAAO,CAAC,YAAW;;AAExB,KAAI,CAAC,QAAQ,CAAC,OAAO,EAAE,EAAE;AACvB,SAAO,CAAC,GAAG,CAAC,yCAAyC,CAAC,CAAC;AACvD,UAAQ,CAAC,MAAM,CAAC;AACd,QAAK,EAAE,iCAAiC;AACxC,MAAG,EAAE,kCAAkC;AACvC,cAAW,EAAE,0CAA0C;AACvD,YAAS,EAAE,IAAI,IAAI,EAAE;GACtB,CAAC,CAAC;AACH,UAAQ,CAAC,MAAM,CAAC;AACd,QAAK,EAAE,sBAAsB;AAC7B,MAAG,EAAE,2HAA2H;AAChI,cAAW,EAAE,+CAA+C;AAC5D,YAAS,EAAE,IAAI,IAAI,EAAE;GACtB,CAAC,CAAC;AACH,UAAQ,CAAC,MAAM,CAAC;AACd,QAAK,EAAE,UAAU;AACjB,MAAG,EAAE,yBAAyB;AAC9B,cAAW,EAAE,iDAAiD;AAC9D,YAAS,EAAE,IAAI,IAAI,EAAE;GACtB,CAAC,CAAC;AACH,UAAQ,CAAC,MAAM,CAAC;AACd,QAAK,EAAE,QAAQ;AACf,MAAG,EAAE,uBAAuB;AAC5B,cAAW,EAAE,wBAAwB;AACrC,YAAS,EAAE,IAAI,IAAI,EAAE;GACtB,CAAC,CAAC;EACJ;CACF,CAAC,CAAC","file":"/server/startup.js.map","sourcesContent":["\t// start up function that creates entries in the Websites databases.\n\tMeteor.startup(function() {\n\t  // code to run on server at startup\n\t  if (!Websites.findOne()) {\n\t    console.log(\"No websites yet. Creating starter data.\");\n\t    Websites.insert({\n\t      title: \"Goldsmiths Computing Department\",\n\t      url: \"http://www.gold.ac.uk/computing/\",\n\t      description: \"This is where this course was developed.\",\n\t      createdOn: new Date()\n\t    });\n\t    Websites.insert({\n\t      title: \"University of London\",\n\t      url: \"http://www.londoninternational.ac.uk/courses/undergraduate/goldsmiths/bsc-creative-computing-bsc-diploma-work-entry-route\",\n\t      description: \"University of London International Programme.\",\n\t      createdOn: new Date()\n\t    });\n\t    Websites.insert({\n\t      title: \"Coursera\",\n\t      url: \"http://www.coursera.org\",\n\t      description: \"Universal access to the world’s best education.\",\n\t      createdOn: new Date()\n\t    });\n\t    Websites.insert({\n\t      title: \"Google\",\n\t      url: \"http://www.google.com\",\n\t      description: \"Popular search engine.\",\n\t      createdOn: new Date()\n\t    });\n\t  }\n\t});\n"]},"hash":"795ad98b9ae626cfefe6f795c68a4c6eda538e76"}
