{"metadata":{"modules":{"imports":[],"exports":{"exported":[],"specifiers":[]}},"usedHelpers":[]},"ignored":false,"code":"// set up the main template the the router will use to build pages\nRouter.configure({\n  layoutTemplate: 'ApplicationLayout'\n});\n\n// specify the top level route, the page users see when they arrive at the site\nRouter.route('/', function () {\n  //console.log(\"rendering root /\");\n  var route = this;\n  route.render(\"navbar\", {\n    to: \"header\"\n  });\n  // -- Check if user login --\n  if (Meteor.user()) {\n    route.render(\"lobby_page\", {\n      to: \"main\"\n    });\n  } else {\n    route.render(\"landing_page\", {\n      to: \"main\"\n    });\n  }\n});","ast":null,"map":{"version":3,"sources":["/shared/routes.js"],"names":[],"mappings":";AACA,MAAM,CAAC,SAAS,CAAC;AACf,gBAAc,EAAE,mBAAmB;CACpC,CAAC,CAAC;;;AAGH,MAAM,CAAC,KAAK,CAAC,GAAG,EAAE,YAAW;;AAE3B,MAAI,KAAK,GAAG,IAAI,CAAC;AACjB,OAAK,CAAC,MAAM,CAAC,QAAQ,EAAE;AACrB,MAAE,EAAE,QAAQ;GACb,CAAC,CAAC;;AAEH,MAAI,MAAM,CAAC,IAAI,EAAE,EAAE;AACjB,SAAK,CAAC,MAAM,CAAC,YAAY,EAAE;AACzB,QAAE,EAAE,MAAM;KACX,CAAC,CAAC;GACJ,MAAM;AACL,SAAK,CAAC,MAAM,CAAC,cAAc,EAAE;AAC3B,QAAE,EAAE,MAAM;KACX,CAAC,CAAC;GACJ;CACF,CAAC,CAAC","file":"/shared/routes.js.map","sourcesContent":["// set up the main template the the router will use to build pages\nRouter.configure({\n  layoutTemplate: 'ApplicationLayout'\n});\n\n// specify the top level route, the page users see when they arrive at the site\nRouter.route('/', function() {\n  //console.log(\"rendering root /\");\n  var route = this;\n  route.render(\"navbar\", {\n    to: \"header\"\n  });\n  // -- Check if user login --\n  if (Meteor.user()) {\n    route.render(\"lobby_page\", {\n      to: \"main\"\n    });\n  } else {\n    route.render(\"landing_page\", {\n      to: \"main\"\n    });\n  }\n});\n"]},"hash":"94a9fbc0a932265cfb8655e9d4add7aab6f41b4f"}
