{"metadata":{"modules":{"imports":[],"exports":{"exported":[],"specifiers":[]}},"usedHelpers":[]},"ignored":false,"code":"// -- helper function for websites lists in landing_page --\nTemplate.landing_page.helpers({\n  topfive: function () {\n    return Websites.find({}, { skip: 0, limit: 3 });\n  }\n});","ast":null,"map":{"version":3,"sources":["/client/scripts/landing_page.js"],"names":[],"mappings":";AACA,QAAQ,CAAC,YAAY,CAAC,OAAO,CAAC;AAC5B,SAAO,EAAC,YAAU;AAChB,WAAO,QAAQ,CAAC,IAAI,CAAC,EAAE,EAAE,EAAC,IAAI,EAAE,CAAC,EAAE,KAAK,EAAE,CAAC,EAAC,CAAC,CAAC;GAC/C;CACF,CAAC,CAAC","file":"/client/scripts/landing_page.js.map","sourcesContent":["// -- helper function for websites lists in landing_page --\r\nTemplate.landing_page.helpers({\r\n  topfive:function(){\r\n    return Websites.find({}, {skip: 0, limit: 3});\r\n  }\r\n});\r\n"]},"hash":"c5c474a7ec1b952d460a75501465dea623facc5f"}
