{"metadata":{"modules":{"imports":[],"exports":{"exported":[],"specifiers":[]}},"usedHelpers":[]},"ignored":false,"code":"// -- helper function for websites lists in landing_page --\nTemplate.landing_page.helpers({\n  topfive: function () {\n    return Websites.find({});\n  }\n});","ast":null,"map":{"version":3,"sources":["/client/scripts/landing_page.js"],"names":[],"mappings":";AACA,QAAQ,CAAC,YAAY,CAAC,OAAO,CAAC;AAC5B,SAAO,EAAC,YAAU;AAChB,WAAO,QAAQ,CAAC,IAAI,CAAC,EAAE,CAAC,CAAC;GAC1B;CACF,CAAC,CAAC","file":"/client/scripts/landing_page.js.map","sourcesContent":["// -- helper function for websites lists in landing_page --\r\nTemplate.landing_page.helpers({\r\n  topfive:function(){\r\n    return Websites.find({});\r\n  }\r\n});\r\n"]},"hash":"e2587876ca5dbfdffb57b9e51973bb77393020a6"}
