{"metadata":{"modules":{"imports":[],"exports":{"exported":[],"specifiers":[]}},"usedHelpers":[]},"ignored":false,"code":"// -- helper function for websites lists in landing_page --\nTemplate.landing_page.helpers({\n  topfive: function () {\n    return Websites.find({}, { limits: 3 });\n  }\n});","ast":null,"map":{"version":3,"sources":["/client/scripts/landing_page.js"],"names":[],"mappings":";AACA,QAAQ,CAAC,YAAY,CAAC,OAAO,CAAC;AAC5B,SAAO,EAAC,YAAU;AAChB,WAAO,QAAQ,CAAC,IAAI,CAAC,EAAE,EAAE,EAAC,MAAM,EAAE,CAAC,EAAC,CAAC,CAAC;GACvC;CACF,CAAC,CAAC","file":"/client/scripts/landing_page.js.map","sourcesContent":["// -- helper function for websites lists in landing_page --\r\nTemplate.landing_page.helpers({\r\n  topfive:function(){\r\n    return Websites.find({}, {limits: 3});\r\n  }\r\n});\r\n"]},"hash":"ee01f862abbc677d93b6e068242e05d3ea2efe28"}
