{"metadata":{"modules":{"imports":[],"exports":{"exported":[],"specifiers":[]}},"usedHelpers":[]},"ignored":false,"code":"// -- helper function for websites items --\nTemplate.website_item.events({\n  \"click .js-upvote\": function (event) {\n    // example of how you can access the id for the website in the database\n    // (this is the data context for the template)\n    var website_id = this._id;\n    console.log(\"Up voting website with id \" + website_id);\n    // put the code in here to add a vote to a website!\n\n    return false; // prevent the button from reloading the page\n  },\n  \"click .js-downvote\": function (event) {\n\n    // example of how you can access the id for the website in the database\n    // (this is the data context for the template)\n    var website_id = this._id;\n    console.log(\"Down voting website with id \" + website_id);\n\n    // put the code in here to remove a vote from a website!\n\n    return false; // prevent the button from reloading the page\n  }\n});","ast":null,"map":{"version":3,"sources":["/client/scripts/website_item.js"],"names":[],"mappings":";AACA,QAAQ,CAAC,YAAY,CAAC,MAAM,CAAC;AAC3B,oBAAkB,EAAC,UAAS,KAAK,EAAC;;;AAGhC,QAAI,UAAU,GAAG,IAAI,CAAC,GAAG,CAAC;AAC1B,WAAO,CAAC,GAAG,CAAC,4BAA4B,GAAC,UAAU,CAAC,CAAC;;;AAGrD,WAAO,KAAK,CAAC;GACd;AACD,sBAAoB,EAAC,UAAS,KAAK,EAAC;;;;AAIlC,QAAI,UAAU,GAAG,IAAI,CAAC,GAAG,CAAC;AAC1B,WAAO,CAAC,GAAG,CAAC,8BAA8B,GAAC,UAAU,CAAC,CAAC;;;;AAIvD,WAAO,KAAK,CAAC;GACd;CACF,CAAC,CAAA","file":"/client/scripts/website_item.js.map","sourcesContent":["// -- helper function for websites items --\r\nTemplate.website_item.events({\r\n  \"click .js-upvote\":function(event){\r\n    // example of how you can access the id for the website in the database\r\n    // (this is the data context for the template)\r\n    var website_id = this._id;\r\n    console.log(\"Up voting website with id \"+website_id);\r\n    // put the code in here to add a vote to a website!\r\n\r\n    return false;// prevent the button from reloading the page\r\n  },\r\n  \"click .js-downvote\":function(event){\r\n\r\n    // example of how you can access the id for the website in the database\r\n    // (this is the data context for the template)\r\n    var website_id = this._id;\r\n    console.log(\"Down voting website with id \"+website_id);\r\n\r\n    // put the code in here to remove a vote from a website!\r\n\r\n    return false;// prevent the button from reloading the page\r\n  }\r\n})\r\n"]},"hash":"f1143ed4ab1f1d0cd0fc922445cf19df832c0bdd"}
