{"metadata":{"modules":{"imports":[],"exports":{"exported":[],"specifiers":[]}},"usedHelpers":[]},"ignored":false,"code":"// -- Meteor DB colelctions --\nWebsites = new Mongo.Collection(\"websites\");","ast":null,"map":{"version":3,"sources":["/lib/collections.js"],"names":[],"mappings":";AACA,QAAQ,GAAG,IAAI,KAAK,CAAC,UAAU,CAAC,UAAU,CAAC,CAAC","file":"/lib/collections.js.map","sourcesContent":["// -- Meteor DB colelctions --\r\nWebsites = new Mongo.Collection(\"websites\");\r\n"]},"hash":"f2b1c18f35fd8446d74b350a69360606506588c7"}
