{"metadata":{"modules":{"imports":[],"exports":{"exported":[],"specifiers":[]}},"usedHelpers":[]},"ignored":false,"code":"// -- users data --\nMeteor.publish(\"usersData\", function () {\n  if (this.userId) {\n    return Meteor.users.find({}, {\n      fields: {\n        profile: 1\n      }\n    });\n  }\n});\n\n// -- chat dialog --\nMeteor.publish(\"chatDialog\", function () {\n  return Chats.find({\n    $or: [{\n      user1Id: this.userId\n    }, {\n      user2Id: this.userId\n    }]\n  });\n});","ast":null,"map":{"version":3,"sources":["/server/publish.js"],"names":[],"mappings":";AACA,MAAM,CAAC,OAAO,CAAC,WAAW,EAAE,YAAW;AACrC,MAAI,IAAI,CAAC,MAAM,EAAE;AACf,WAAO,MAAM,CAAC,KAAK,CAAC,IAAI,CAAC,EAAE,EAAE;AAC3B,YAAM,EAAE;AACN,eAAO,EAAE,CAAC;OACX;KACF,CAAC,CAAC;GACJ;CACF,CAAC,CAAC;;;AAGH,MAAM,CAAC,OAAO,CAAC,YAAY,EAAE,YAAW;AACtC,SAAO,KAAK,CAAC,IAAI,CAAC;AAChB,OAAG,EAAE,CAAC;AACJ,aAAO,EAAE,IAAI,CAAC,MAAM;KACrB,EAAE;AACD,aAAO,EAAE,IAAI,CAAC,MAAM;KACrB,CAAC;GACH,CAAC,CAAC;CACJ,CAAC,CAAC","file":"/server/publish.js.map","sourcesContent":["// -- users data --\nMeteor.publish(\"usersData\", function() {\n  if (this.userId) {\n    return Meteor.users.find({}, {\n      fields: {\n        profile: 1\n      }\n    });\n  }\n});\n\n// -- chat dialog --\nMeteor.publish(\"chatDialog\", function() {\n  return Chats.find({\n    $or: [{\n      user1Id: this.userId\n    }, {\n      user2Id: this.userId\n    }]\n  });\n});\n"]},"hash":"180e6a3875a8272c9b26ee276f48116c6056a61b"}
