{"metadata":{"modules":{"imports":[],"exports":{"exported":[],"specifiers":[]}},"usedHelpers":[]},"ignored":false,"code":"/**\n * Meteor Methods JS\n */\nMeteor.methods({\n  // -- Return Chat Instance Id --\n  getChat: function (otherUserId) {\n    if (this.userId) {\n      // we have a user\n      // find a chat that has two users that match current user id\n      // and the requested user id\n      var chatId;\n      var loginUserId = this.userId;\n      var filter = {\n        $or: [{\n          user1Id: loginUserId,\n          user2Id: otherUserId\n        }, {\n          user2Id: loginUserId,\n          user1Id: otherUserId\n        }]\n      };\n      var chat = Chats.findOne(filter);\n      if (!chat) {\n        // no chat matching the filter - need to insert a new one\n        chatId = Chats.insert({\n          user1Id: loginUserId,\n          user2Id: otherUserId\n        });\n      } else {\n        // there is a chat going already - use that.\n        chatId = chat._id;\n      }\n      //console.log(\"chatId \" + chatId);\n      return chatId;\n    }\n    // -- / this userId check --\n    return;\n  },\n  // -- Save Message --\n  saveMessage: function (chatId, input) {\n    // see if we can find a chat object in the database\n    // to which we'll add the message\n    var chat = Chats.findOne({\n      _id: chatId\n    });\n    if (chat) {\n      // ok - we have a chat to use\n      var msgs = chat.messages; // pull the messages property\n      if (!msgs) {\n        // no messages yet, create a new array\n        msgs = [];\n      }\n      // is a good idea to insert data straight from the form\n      // (i.e. the user) into the database?? certainly not.\n      // push adds the message to the end of the array\n      msgs.push({\n        userId: Meteor.userId(),\n        text: input,\n        timeStamp: new Date()\n      });\n      // put the messages array onto the chat object\n      chat.messages = msgs;\n      // update the chat object in the database.\n      Chats.update(chat._id, chat);\n\n      return chat;\n    } // -- / chat id check --\n    return;\n  }\n});","ast":null,"map":{"version":3,"sources":["/server/methods.js"],"names":[],"mappings":";;;AAGA,MAAM,CAAC,OAAO,CAAC;;AAEb,SAAO,EAAE,UAAS,WAAW,EAAE;AAC7B,QAAI,IAAI,CAAC,MAAM,EAAE;;;;AAGf,UAAI,MAAM,CAAC;AACX,UAAI,WAAW,GAAG,IAAI,CAAC,MAAM,CAAC;AAC9B,UAAI,MAAM,GAAG;AACX,WAAG,EAAE,CAAC;AACJ,iBAAO,EAAE,WAAW;AACpB,iBAAO,EAAE,WAAW;SACrB,EAAE;AACD,iBAAO,EAAE,WAAW;AACpB,iBAAO,EAAE,WAAW;SACrB,CAAC;OACH,CAAC;AACF,UAAI,IAAI,GAAG,KAAK,CAAC,OAAO,CAAC,MAAM,CAAC,CAAC;AACjC,UAAI,CAAC,IAAI,EAAE;;AACT,cAAM,GAAG,KAAK,CAAC,MAAM,CAAC;AACpB,iBAAO,EAAE,WAAW;AACpB,iBAAO,EAAE,WAAW;SACrB,CAAC,CAAC;OACJ,MAAM;;AACL,cAAM,GAAG,IAAI,CAAC,GAAG,CAAC;OACnB;;AAED,aAAO,MAAM,CAAC;KACf;;AAED,WAAO;GACR;;AAED,aAAW,EAAE,UAAS,MAAM,EAAE,KAAK,EAAC;;;AAGlC,QAAI,IAAI,GAAG,KAAK,CAAC,OAAO,CAAC;AACvB,SAAG,EAAE,MAAM;KACZ,CAAC,CAAC;AACH,QAAI,IAAI,EAAE;;AACR,UAAI,IAAI,GAAG,IAAI,CAAC,QAAQ,CAAC;AACzB,UAAI,CAAC,IAAI,EAAE;;AACT,YAAI,GAAG,EAAE,CAAC;OACX;;;;AAID,UAAI,CAAC,IAAI,CAAC;AACR,cAAM,EAAE,MAAM,CAAC,MAAM,EAAE;AACvB,YAAI,EAAE,KAAK;AACX,iBAAS,EAAE,IAAI,IAAI,EAAE;OACtB,CAAC,CAAC;;AAEH,UAAI,CAAC,QAAQ,GAAG,IAAI,CAAC;;AAErB,WAAK,CAAC,MAAM,CAAC,IAAI,CAAC,GAAG,EAAE,IAAI,CAAC,CAAC;;AAE7B,aAAO,IAAI,CAAC;KACb;AACD,WAAO;GACR;CACF,CAAC,CAAC","file":"/server/methods.js.map","sourcesContent":["/**\n * Meteor Methods JS\n */\nMeteor.methods({\n  // -- Return Chat Instance Id --\n  getChat: function(otherUserId) {\r\n    if (this.userId) { // we have a user\n      // find a chat that has two users that match current user id\n      // and the requested user id\n      var chatId;\n      var loginUserId = this.userId;\n      var filter = {\n        $or: [{\n          user1Id: loginUserId,\n          user2Id: otherUserId\n        }, {\n          user2Id: loginUserId,\n          user1Id: otherUserId\n        }]\n      };\n      var chat = Chats.findOne(filter);\n      if (!chat) { // no chat matching the filter - need to insert a new one\n        chatId = Chats.insert({\n          user1Id: loginUserId,\r\n          user2Id: otherUserId\n        });\n      } else { // there is a chat going already - use that.\n        chatId = chat._id;\n      }\n      //console.log(\"chatId \" + chatId);\r\n      return chatId;\r\n    }\r\n    // -- / this userId check --\r\n    return;\n  },\r\n  // -- Save Message --\r\n  saveMessage: function(chatId, input){\r\n    // see if we can find a chat object in the database\r\n    // to which we'll add the message\r\n    var chat = Chats.findOne({\r\n      _id: chatId\r\n    });\r\n    if (chat) { // ok - we have a chat to use\r\n      var msgs = chat.messages; // pull the messages property\r\n      if (!msgs) { // no messages yet, create a new array\r\n        msgs = [];\r\n      }\r\n      // is a good idea to insert data straight from the form\r\n      // (i.e. the user) into the database?? certainly not.\r\n      // push adds the message to the end of the array\r\n      msgs.push({\r\n        userId: Meteor.userId(),\r\n        text: input,\r\n        timeStamp: new Date()\r\n      });\r\n      // put the messages array onto the chat object\r\n      chat.messages = msgs;\r\n      // update the chat object in the database.\r\n      Chats.update(chat._id, chat);\r\n\r\n      return chat;\r\n    } // -- / chat id check --\r\n    return;\r\n  },\r\n});\r\n"]},"hash":"214a0c81eaadf758e6c8a73bb09cf109cfe357e5"}
