{"metadata":{"modules":{"imports":[],"exports":{"exported":[],"specifiers":[]}},"usedHelpers":[]},"ignored":false,"code":"/**\n * Meteor Client JS\n */\nMeteor.subscribe('usersData');\nMeteor.subscribe('chatDialog');\nMeteor.subscribe('emojis');","ast":null,"map":{"version":3,"sources":["/client/scripts/main.js"],"names":[],"mappings":";;;AAGA,MAAM,CAAC,SAAS,CAAC,WAAW,CAAC,CAAC;AAC9B,MAAM,CAAC,SAAS,CAAC,YAAY,CAAC,CAAC;AAC/B,MAAM,CAAC,SAAS,CAAC,QAAQ,CAAC,CAAC","file":"/client/scripts/main.js.map","sourcesContent":["/**\n * Meteor Client JS\n */\nMeteor.subscribe('usersData');\nMeteor.subscribe('chatDialog');\nMeteor.subscribe('emojis');\n"]},"hash":"d35c51faafe0e9e86023a46f57893a8b4d8465e9"}
