{"metadata":{"modules":{"imports":[],"exports":{"exported":[],"specifiers":[]}},"usedHelpers":[]},"ignored":false,"code":"/**\n * Meteor Client Chat message Template JS\n */\nTemplate.chat_message.helpers({\n  currentDate: function () {\n    return new Date();\n  },\n  loginUser: function (userId) {\n    if (userId == Meteor.userId()) {\n      return true;\n    } else {\n      return false;\n    }\n  }\n});","ast":null,"map":{"version":3,"sources":["/client/scripts/chat_message.js"],"names":[],"mappings":";;;AAGA,QAAQ,CAAC,YAAY,CAAC,OAAO,CAAC;AAC5B,aAAW,EAAE,YAAW;AACtB,WAAO,IAAI,IAAI,EAAE,CAAC;GACnB;AACD,WAAS,EAAE,UAAS,MAAM,EAAE;AAC1B,QAAI,MAAM,IAAI,MAAM,CAAC,MAAM,EAAE,EAAE;AAC7B,aAAO,IAAI,CAAC;KACb,MAAM;AACL,aAAO,KAAK,CAAC;KACd;GACF;CACF,CAAC,CAAA","file":"/client/scripts/chat_message.js.map","sourcesContent":["/**\n * Meteor Client Chat message Template JS\n */\nTemplate.chat_message.helpers({\n  currentDate: function() {\n    return new Date();\n  },\n  loginUser: function(userId) {\n    if (userId == Meteor.userId()) {\n      return true;\n    } else {\n      return false;\n    }\n  }\n})\n"]},"hash":"1d760c6228e52e00951a298e83f647f392c8fd93"}
