{"metadata":{"modules":{"imports":[],"exports":{"exported":[],"specifiers":[]}},"usedHelpers":[]},"ignored":false,"code":"/**\n * Meteor Client Chat message Template JS\n */\nTemplate.chat_message.helpers({\n  timeStamp: function () {\n    return new Date();\n  }\n});","ast":null,"map":{"version":3,"sources":["/client/scripts/chat_message.js"],"names":[],"mappings":";;;AAGA,QAAQ,CAAC,YAAY,CAAC,OAAO,CAAC;AAC5B,WAAS,EAAE,YAAW;AACpB,WAAO,IAAI,IAAI,EAAE,CAAC;GACnB;CACF,CAAC,CAAA","file":"/client/scripts/chat_message.js.map","sourcesContent":["/**\n * Meteor Client Chat message Template JS\n */\nTemplate.chat_message.helpers({\n  timeStamp: function() {\n    return new Date();\n  }\n})\n"]},"hash":"623a4cedbe65a3333047cbb2445aea26b292d879"}
