{"metadata":{"modules":{"imports":[],"exports":{"exported":[],"specifiers":[]}},"usedHelpers":[]},"ignored":false,"code":"/**\r\n * Meteor Client Register Helper JS\r\n */\n\nTemplate.registerHelper(\"formatDate\", function (timestamp) {\n  return moment(new Date(timestamp)).fromNow();\n});","ast":null,"map":{"version":3,"sources":["/client/scripts/registerhelper.js"],"names":[],"mappings":";;;;AAIA,QAAQ,CAAC,cAAc,CAAC,YAAY,EAAE,UAAS,SAAS,EAAE;AACtD,SAAO,MAAM,CAAC,IAAI,IAAI,CAAC,SAAS,CAAC,CAAC,CAAC,OAAO,EAAE,CAAC;CAChD,CAAC,CAAC","file":"/client/scripts/registerhelper.js.map","sourcesContent":["/**\r\n * Meteor Client Register Helper JS\r\n */\r\n\r\nTemplate.registerHelper(\"formatDate\", function(timestamp) {\r\n    return moment(new Date(timestamp)).fromNow();\r\n});\r\n"]},"hash":"b7cd4772f6fa05cf1823d6f6ad6430a9c3276260"}
