{"metadata":{"modules":{"imports":[],"exports":{"exported":[],"specifiers":[]}},"usedHelpers":[]},"ignored":false,"code":"/**\n * Meteor Client Chat message Template JS\n */\nTemplate.chat_message.helpers({\n  currentDate: function () {\n    return new Date();\n  }\n});","ast":null,"map":{"version":3,"sources":["/client/scripts/chat_message.js"],"names":[],"mappings":";;;AAGA,QAAQ,CAAC,YAAY,CAAC,OAAO,CAAC;AAC5B,aAAW,EAAE,YAAW;AACtB,WAAO,IAAI,IAAI,EAAE,CAAC;GACnB;CACF,CAAC,CAAA","file":"/client/scripts/chat_message.js.map","sourcesContent":["/**\n * Meteor Client Chat message Template JS\n */\nTemplate.chat_message.helpers({\n  currentDate: function() {\n    return new Date();\n  }\n})\n"]},"hash":"b5320cc027c0157f8312b52717cd307f7b803f9c"}
